2026-03-23T21:54:20.004911,192.168.100.3,ICMP Flood
2026-03-23T21:57:17.781244,192.168.100.3,ICMP Flood
2026-03-25T20:40:20.113668,192.168.100.3,Rate Limit Exceeded!
2026-03-25T21:19:19.878926,192.168.100.3,Rate Limit Exceeded!
2026-03-25T21:20:45.442856,192.168.100.3,Rate Limit Exceeded!
2026-03-25T21:23:47.538945,192.168.100.3,Rate Limit Exceeded!
2026-03-25T21:24:43.582887,192.168.100.3,Rate Limit Exceeded!
2026-03-25T21:26:02.030613,192.168.100.3,Rate Limit Exceeded!
2026-03-25T21:29:19.573771,192.168.100.3,ICMP Flood
2026-03-25T21:31:13.659113,192.168.100.3,ICMP Flood
2026-03-25T21:32:09.050239,192.168.100.3,ICMP Flood
2026-03-25T21:33:35.122467,192.168.100.3,ICMP Flood
2026-03-25T21:36:00.358532,192.168.100.3,Rate Limit Exceeded!
2026-03-25T21:36:50.335874,192.168.100.3,ICMP Flood
2026-03-26T01:16:13.153217,192.168.100.3,ICMP Flood
2026-03-26T01:18:11.869167,192.168.100.3,Rate Limit Exceeded!
2026-04-03T01:27:16.150367,192.168.100.3,Rate Limit Exceeded!
2026-04-03T01:28:22.138372,192.168.100.3,Rate Limit Exceeded!
2026-04-03T01:30:33.960490,192.168.100.3,Rate Limit Exceeded!
2026-04-03T01:31:54.146393,192.168.100.3,Rate Limit Exceeded!
2026-04-03T01:34:22.936942,192.168.100.3,ICMP Flood
2026-04-03T01:35:36.783839,192.168.100.3,Rate Limit Exceeded!
2026-04-03T01:36:50.322204,192.168.100.3,ICMP Flood
2026-04-05T20:15:15.053628,192.168.100.3,ARP Anomaly
2026-04-05T20:15:15.063826,192.168.100.2,ARP Anomaly
2026-04-05T20:19:13.005758,192.168.100.3,ARP Anomaly
2026-04-05T20:20:09.592119,192.168.100.2,ARP Anomaly
2026-04-05T20:22:43.794581,192.168.100.5,ARP Anomaly
2026-04-05T20:22:43.800451,192.168.100.3,ARP Anomaly
2026-04-05T20:25:03.264587,192.168.100.5,ARP Anomaly
2026-04-05T20:25:19.946930,192.168.100.3,ARP Anomaly
2026-04-08T19:31:51.850543,192.168.100.5,ICMP Flood
2026-04-08T19:31:51.862995,192.168.100.3,ICMP Flood
2026-04-08T19:35:59.474977,192.168.100.5,HTTP Flood
2026-04-08T22:37:50.171423,192.168.100.3,Rate Limit Exceeded!
2026-04-08T22:39:12.086946,192.168.100.3,Rate Limit Exceeded!
2026-04-08T22:40:31.763144,192.168.100.3,Rate Limit Exceeded!
2026-04-08T22:42:55.214123,192.168.100.3,Rate Limit Exceeded!
2026-04-08T22:43:49.956634,192.168.100.3,Rate Limit Exceeded!
2026-04-08T22:44:18.122598,192.168.100.3,ICMP Flood
2026-04-08T22:44:52.895906,192.168.100.3,ICMP Flood
2026-04-08T22:45:15.347273,192.168.100.3,ICMP Flood
2026-04-08T22:47:43.136511,192.168.100.5,ICMP Flood
2026-04-08T22:47:43.149809,192.168.100.3,ICMP Flood
2026-04-08T22:49:14.144146,192.168.100.3,ICMP Flood
2026-04-08T22:50:16.586759,192.168.100.3,Rate Limit Exceeded!
2026-04-08T22:51:33.307136,192.168.100.3,ICMP Flood
2026-04-08T22:51:33.323914,192.168.100.5,ICMP Flood
2026-04-08T22:52:07.780419,192.168.100.3,Rate Limit Exceeded!
2026-04-08T22:52:29.993258,192.168.100.3,Rate Limit Exceeded!
2026-04-10T17:10:06.960256,192.168.100.3,ICMP Flood
2026-04-10T17:16:21.729998,192.168.100.3,ICMP Flood
2026-04-10T17:24:50.844806,192.168.100.3,ICMP Flood
2026-04-11T22:01:35.975233,192.168.100.5,ICMP Flood
2026-04-20T00:17:38.305318,192.168.100.5,HTTP Flood
2026-04-20T00:54:03.656633,192.168.100.5,SYN Flood
2026-04-21T15:35:14.544919,192.168.100.5,SYN Flood
2026-04-21T15:36:03.594845,192.168.100.5,SYN Flood
2026-04-21T15:50:14.822920,192.168.100.13,SYN Flood
2026-04-21T15:52:36.270939,192.168.100.13,Rate Limit Exceeded!
2026-04-21T15:53:27.407546,192.168.100.13,Port Scan
2026-04-21T15:55:52.290390,192.168.100.13,Rate Limit Exceeded!
2026-04-21T15:59:22.173101,192.168.100.13,Rate Limit Exceeded!
2026-04-21T15:59:29.083716,192.168.100.13,HTTP Flood
2026-04-21T15:59:38.173578,192.168.100.13,Rate Limit Exceeded!
2026-04-21T16:01:03.016537,192.168.100.13,Rate Limit Exceeded!
2026-04-21T16:01:10.052160,192.168.100.13,HTTP Flood
2026-04-21T16:05:46.358816,192.168.100.13,Rate Limit Exceeded!
2026-04-21T16:07:08.778904,192.168.100.13,Rate Limit Exceeded!
2026-04-21T16:08:10.153886,192.168.100.13,Rate Limit Exceeded!
2026-04-21T16:10:11.288733,192.168.100.13,Rate Limit Exceeded!
2026-04-22T09:44:30.423554,192.168.100.13,Rate Limit Exceeded!
2026-04-22T09:47:07.791297,192.168.100.13,Port Scan
2026-04-22T09:49:59.900785,192.168.100.13,Rate Limit Exceeded!
2026-04-22T09:51:45.842127,192.168.100.13,Rate Limit Exceeded!
2026-04-22T09:53:53.892970,192.168.100.13,Rate Limit Exceeded!
2026-04-22T09:55:34.872373,192.168.100.13,Rate Limit Exceeded!
2026-04-22T09:58:14.141208,192.168.100.13,Rate Limit Exceeded!
2026-04-22T10:00:27.414435,192.168.100.13,Rate Limit Exceeded!
2026-04-22T10:01:28.764304,192.168.100.13,Rate Limit Exceeded!
