packet_count,byte_count,avg_packet_size,tcp_count,udp_count,icmp_count,arp_count,unique_dst_ports,packets_per_second,in_out_ratio,fluctuation,syn_only_count,http_count,label
2,424,212.0,0,2,0,0,1,1.9860259064315302,0.0,0.0,0,0,0
2,424,212.0,0,2,0,0,1,1.9978584357435458,0.0,0.0,0,0,0
4,829,207.25,0,1,0,0,1,3.6075875985047743,0.0,0.569025879905579,0,0,0
2,424,212.0,0,2,0,0,1,1.9881779769077115,0.0,0.0,0,0,0
2,424,212.0,0,2,0,0,1,1.9981991784823743,0.0,0.0,0,0,0
2,204,102.0,0,0,0,0,0,0.016699255824768673,0.0,0.0,0,0,0
5,210,42.0,0,0,5,0,0,9.947396930712888,1.0,0.25004157588651693,0,0,0
4,168,42.0,0,0,4,0,0,7.98747310683804,1.0,0.2868892617762197,0,0,0
5,210,42.0,0,0,5,0,0,9.977733710401212,1.0,0.24758180210600286,0,0,0
4,168,42.0,0,0,4,0,0,7.995021105974006,1.0,0.2864028067049998,0,0,0
4,168,42.0,0,0,4,0,0,7.989382548731178,1.0,0.28675741635272795,0,0,0
7,294,42.0,0,0,7,0,0,7.009027186599257,1.0,0.2565370730074921,0,0,0
4,168,42.0,0,0,4,0,0,7.9795332387489175,1.0,0.28840795487121107,0,0,0
5,210,42.0,0,0,5,0,0,9.977391926558015,1.0,0.24741349219363462,0,0,0
4,168,42.0,0,0,4,0,0,7.97811787889509,1.0,0.2864258446039375,0,0,0
7,294,42.0,0,0,7,0,0,7.00178955039931,1.0,0.25642957173481357,0,0,0
4,168,42.0,0,0,4,0,0,7.968319013626282,1.0,0.2883692806158329,0,0,0
4,168,42.0,0,0,4,0,0,7.938750750000473,1.0,0.28931515347095843,0,0,0
5,210,42.0,0,0,5,0,0,9.975474573659046,1.0,0.2469515979250296,0,0,0
5,210,42.0,0,0,5,0,0,9.992604960013418,1.0,0.2481705327535465,0,0,0
3,126,42.0,0,0,3,0,0,5.981844691533275,1.0,0.3524334645346423,0,0,0
6,252,42.0,0,0,6,0,0,11.998449525918234,1.0,0.221478373432048,0,0,0
3,710,236.66666666666666,0,1,0,2,1,0.15159356150667153,0.0,13.950068388969349,0,0,0
8,793,99.125,0,2,0,1,2,14.67772840646732,0.0,0.10976894631620171,0,0,0
5,210,42.0,0,0,5,0,0,9.226946185768037,1.0,0.2693540832582074,0,0,0
7,294,42.0,0,0,7,0,0,13.994374629110174,1.0,0.2017239344347431,0,0,0
5,210,42.0,0,0,5,0,0,9.958577788330267,1.0,0.24955183305346593,0,0,0
5,210,42.0,0,0,5,0,0,9.991733714106571,1.0,0.2488191115809886,0,0,0
4,168,42.0,0,0,4,0,0,7.983429018727056,1.0,0.287818337984497,0,0,0
4,168,42.0,0,0,4,0,0,7.9907257907035,1.0,0.2869993589444092,0,0,0
4,168,42.0,0,0,4,0,0,7.98657955819936,1.0,0.28623458941646673,0,0,0
5,210,42.0,0,0,5,0,0,9.984564800699298,1.0,0.24744000779399955,0,0,0
5,210,42.0,0,0,5,0,0,9.984350890456708,1.0,0.24800244770226615,0,0,0
5,210,42.0,0,0,5,0,0,9.938449581544353,1.0,0.2496385802647863,0,0,0
5,210,42.0,0,0,5,0,0,9.978687980906258,1.0,0.24794347823778795,0,0,0
7,294,42.0,0,0,7,0,0,7.008687535881769,1.0,0.2558480336886432,0,0,0
6,252,42.0,0,0,6,0,0,11.945766618739595,1.0,0.2161574314469956,0,0,0
6,252,42.0,0,0,6,0,0,6.005628615877393,1.0,0.27216832368609783,0,0,0
4,168,42.0,0,0,4,0,0,7.991262452695832,1.0,0.28725595967989603,0,0,0
4,168,42.0,0,0,4,0,0,7.98374813994911,1.0,0.2869677800342091,0,0,0
4,168,42.0,0,0,4,0,0,7.26343634000601,1.0,0.31558322693088836,0,0,0
4,168,42.0,0,0,4,0,0,7.884107878884143,1.0,0.2913527936917891,0,0,0
6,252,42.0,0,0,6,0,0,11.989023720958595,1.0,0.22112507536415732,0,0,0
3,448,149.33333333333334,0,1,0,2,1,0.09370883150957553,0.3333333333333333,22.631428872185577,0,0,0
6,252,42.0,0,0,5,1,0,11.999485037968913,0.6666666666666666,0.14354372627304682,0,0,0
2,120,60.0,0,0,2,0,0,3.3279754220565145,1.0,0.0,0,0,0
3,126,42.0,0,0,3,0,0,5.989954628739701,0.6666666666666666,0.26495515163937106,0,0,0
5,210,42.0,0,0,5,0,0,9.984745443153447,0.8,0.2089269753852809,0,0,0
2,120,60.0,0,0,2,0,0,3.825235696876147,1.0,0.0,0,0,0
5,210,42.0,0,0,5,0,0,9.844568487552946,0.8,0.22210168683476297,0,0,0
2,120,60.0,0,0,2,0,0,3.9553867727646943,1.0,0.0,0,0,0
9,378,42.0,0,0,9,0,0,9.415082094782498,0.7777777777777778,0.20831514984274555,0,0,0
6,252,42.0,0,0,6,0,0,11.917803236952173,0.8333333333333334,0.20697050331909603,0,0,0
2,120,60.0,0,0,2,0,0,3.8134820550214483,1.0,0.0,0,0,0
6,252,42.0,0,0,6,0,0,11.995584206100888,0.8333333333333334,0.2187288006063188,0,0,0
6,252,42.0,0,0,6,0,0,11.975998343925705,0.8333333333333334,0.21979357198292346,0,0,0
2,120,60.0,0,0,2,0,0,3.9747789461913263,1.0,0.0,0,0,0
5,210,42.0,0,0,5,0,0,9.979566450910468,0.8,0.24687164021777502,0,0,0
6,252,42.0,0,0,5,1,0,11.987527472998579,0.6666666666666666,0.16731571840472087,0,0,0
3,180,60.0,0,0,2,1,0,4.919156462170159,1.0,0.2786899666321012,0,0,0
5,210,42.0,0,0,5,0,0,9.991038730691704,0.8,0.2481800357531155,0,0,0
6,252,42.0,0,0,6,0,0,11.99656775443427,0.8333333333333334,0.22173956093177097,0,0,0
2,120,60.0,0,0,2,0,0,3.9515838871100932,1.0,0.0,0,0,0
6,252,42.0,0,0,6,0,0,11.97058657045481,0.8333333333333334,0.21915185530128628,0,0,0
6,252,42.0,0,0,6,0,0,11.98777872518804,0.8333333333333334,0.21714442331876543,0,0,0
2,120,60.0,0,0,2,0,0,3.951140910514652,1.0,0.0,0,0,0
5,210,42.0,0,0,5,0,0,9.988207434840838,0.8,0.23891312973443968,0,0,0
2,120,60.0,0,0,2,0,0,3.952911550354502,1.0,0.0,0,0,0
4,168,42.0,0,0,4,0,0,7.630575212524953,0.5,0.28689019767542495,0,0,0
6,252,42.0,0,0,6,0,0,11.96420696520819,0.8333333333333334,0.21548452192214637,0,0,0
2,120,60.0,0,0,2,0,0,3.9631343720767624,1.0,0.0,0,0,0
5,210,42.0,0,0,5,0,0,9.979039350348337,0.8,0.24419966175130126,0,0,0
4,168,42.0,0,0,4,0,0,7.968814819705333,1.0,0.28899958144032833,0,0,0
7,294,42.0,0,0,7,0,0,13.973560767590618,0.8571428571428571,0.18252829214058117,0,0,0
2,120,60.0,0,0,2,0,0,3.9877296355542033,1.0,0.0,0,0,0
4,168,42.0,0,0,4,0,0,7.9830871314406435,0.75,0.251591790415536,0,0,0
6,252,42.0,0,0,6,0,0,11.973246273023896,0.8333333333333334,0.1970035488147832,0,0,0
2,120,60.0,0,0,2,0,0,3.975881024174903,1.0,0.0,0,0,0
7,294,42.0,0,0,7,0,0,12.816785375657643,0.7142857142857143,0.17753770420789888,0,0,0
2,120,60.0,0,0,2,0,0,3.9691856803598693,1.0,0.0,0,0,0
6,252,42.0,0,0,6,0,0,11.920304020561082,0.8333333333333334,0.19740874000296985,0,0,0
5,210,42.0,0,0,5,0,0,9.984935600166832,0.8,0.2154654961544433,0,0,0
2,120,60.0,0,0,2,0,0,3.8816596084934996,1.0,0.0,0,0,0
6,252,42.0,0,0,6,0,0,11.996133143422625,0.8333333333333334,0.18769522089966284,0,0,0
4,168,42.0,0,0,4,0,0,7.999530819754205,0.75,0.22510044706659516,0,0,0
5,210,42.0,0,0,5,0,0,9.990029748790636,0.8,0.20611116989043188,0,0,0
3,180,60.0,0,0,3,0,0,3.0077619589432723,1.0,0.005226883564927034,0,0,0
5,210,42.0,0,0,5,0,0,9.970267271273354,0.8,0.206790975796772,0,0,0
5,210,42.0,0,0,5,0,0,9.984878552302307,0.8,0.19986444672758064,0,0,0
2,120,60.0,0,0,2,0,0,3.9680291232606244,1.0,0.0,0,0,0
8,336,42.0,0,0,8,0,0,15.990644206790098,0.875,0.1547060807939449,0,0,0
2,120,60.0,0,0,2,0,0,3.980932015373978,1.0,0.0,0,0,0
6,252,42.0,0,0,6,0,0,11.938099435206206,0.6666666666666666,0.17321088189422068,0,0,0
6,252,42.0,0,0,6,0,0,11.968986762015918,0.8333333333333334,0.172168542590847,0,0,0
2,120,60.0,0,0,2,0,0,3.9773947866145805,1.0,0.0,0,0,0
5,210,42.0,0,0,5,0,0,9.185517805341581,0.8,0.20903675751427336,0,0,0
7,294,42.0,0,0,7,0,0,13.989773596323412,0.8571428571428571,0.17575340412015605,0,0,0
2,120,60.0,0,0,2,0,0,3.9630295230914303,1.0,0.0,0,0,0
3,126,42.0,0,0,3,0,0,5.990368117669687,0.6666666666666666,0.2647958365519999,0,0,0
5,210,42.0,0,0,5,0,0,9.99115772784096,0.8,0.2081101945707185,0,0,0
2,120,60.0,0,0,2,0,0,3.6675133805569424,1.0,0.0,0,0,0
5,210,42.0,0,0,5,0,0,9.958861533420553,0.8,0.1846061775544481,0,0,0
5,210,42.0,0,0,5,0,0,9.99928956310992,0.8,0.18353371554061132,0,0,0
2,120,60.0,0,0,2,0,0,3.9604082305179555,1.0,0.0,0,0,0
6,252,42.0,0,0,6,0,0,11.965373111052049,0.8333333333333334,0.1668813749038397,0,0,0
6,252,42.0,0,0,6,0,0,11.991285934560647,0.8333333333333334,0.16685912523487115,0,0,0
2,120,60.0,0,0,2,0,0,3.9896679465210174,1.0,0.0,0,0,0
4,168,42.0,0,0,4,0,0,7.987111860972628,0.75,0.1987384344522447,0,0,0
4,168,42.0,0,0,4,0,0,7.997380161203981,0.75,0.19828987455555366,0,0,0
2,120,60.0,0,0,2,0,0,3.8707463751297193,1.0,0.0,0,0,0
5,210,42.0,0,0,5,0,0,9.976551807470788,0.8,0.17492882524068543,0,0,0
5,210,42.0,0,0,5,0,0,9.986176552518863,0.8,0.17482646343603064,0,0,0
2,120,60.0,0,0,2,0,0,3.954007124992812,1.0,0.0,0,0,0
6,252,42.0,0,0,6,0,0,11.963461888601069,0.8333333333333334,0.15942365440940948,0,0,0
6,252,42.0,0,0,6,0,0,11.995595641782678,0.8333333333333334,0.15358228032633095,0,0,0
2,120,60.0,0,0,2,0,0,3.7452052079045424,1.0,0.0,0,0,0
7,294,42.0,0,0,7,0,0,10.31471259457454,0.7142857142857143,0.13314599544622785,0,0,0
2,120,60.0,0,0,2,0,0,3.9630388843824216,1.0,0.0,0,0,0
6,252,42.0,0,0,6,0,0,11.985517834571455,0.8333333333333334,0.14335430024841114,0,0,0
5,210,42.0,0,0,5,0,0,9.986067184171254,0.8,0.1528765392737767,0,0,0
2,120,60.0,0,0,2,0,0,3.957870699111808,1.0,0.0,0,0,0
6,252,42.0,0,0,6,0,0,11.995395520499228,0.8333333333333334,0.14205048265981085,0,0,0
4,168,42.0,0,0,4,0,0,7.988823314854725,0.75,0.1551827379093982,0,0,0
2,120,60.0,0,0,2,0,0,3.9681736560370715,1.0,0.0,0,0,0
5,210,42.0,0,0,5,0,0,9.346101104382187,0.8,0.16418233956216782,0,0,0
6,252,42.0,0,0,6,0,0,11.992525944037983,0.8333333333333334,0.14953387325142664,0,0,0
2,120,60.0,0,0,2,0,0,3.9564949165460814,1.0,0.0,0,0,0
6,252,42.0,0,0,6,0,0,11.97002858158022,0.8333333333333334,0.14847335014014548,0,0,0
3,180,60.0,0,0,2,1,0,5.448822798349276,1.0,0.24728398958311745,0,0,0
8,336,42.0,0,0,7,1,0,11.185951633733307,0.625,0.10442053469758865,0,0,0
6,252,42.0,0,0,6,0,0,11.946821414041482,0.8333333333333334,0.13780456413510345,0,0,0
2,120,60.0,0,0,2,0,0,3.9445489654303305,1.0,0.0,0,0,0
5,210,42.0,0,0,5,0,0,9.998460053159155,0.8,0.14442557794848457,0,0,0
5,210,42.0,0,0,5,0,0,9.997802263811295,0.8,0.1444435084362201,0,0,0
2,120,60.0,0,0,2,0,0,3.976789520392606,1.0,0.0,0,0,0
8,336,42.0,0,0,8,0,0,15.995820184011059,0.875,0.12142610036275839,0,0,0
2,120,60.0,0,0,2,0,0,3.898298405475439,1.0,0.0,0,0,0
6,252,42.0,0,0,6,0,0,11.716434782122883,0.6666666666666666,0.13870669262170485,0,0,0
6,252,42.0,0,0,6,0,0,11.954301056114735,0.8333333333333334,0.1352495438359623,0,0,0
2,120,60.0,0,0,2,0,0,3.9555154646710085,1.0,0.0,0,0,0
5,210,42.0,0,0,5,0,0,9.996796680751102,0.8,0.1428267508042259,0,0,0
6,252,42.0,0,0,6,0,0,11.972203893300781,0.8333333333333334,0.1346080330323539,0,0,0
2,120,60.0,0,0,2,0,0,3.9169560901264187,1.0,0.0,0,0,0
8,336,42.0,0,0,8,0,0,10.281366435266895,0.75,0.1383481738474635,0,0,0
2,120,60.0,0,0,2,0,0,3.9762522888574887,1.0,0.0,0,0,0
6,252,42.0,0,0,6,0,0,11.960709891109536,0.8333333333333334,0.1370058323058539,0,0,0
5,210,42.0,0,0,5,0,0,9.892002445227655,0.8,0.14699103730977303,0,0,0
2,120,60.0,0,0,2,0,0,3.9761768995557225,1.0,0.0,0,0,0
5,210,42.0,0,0,5,0,0,9.923476002733135,0.8,0.1458126229264678,0,0,0
5,210,42.0,0,0,5,0,0,9.927609915339767,0.8,0.14613096823495242,0,0,0
2,120,60.0,0,0,2,0,0,3.972497609712877,1.0,0.0,0,0,0
5,210,42.0,0,0,5,0,0,9.25820121376507,0.8,0.15415450012068196,0,0,0
6,252,42.0,0,0,6,0,0,11.985580625573006,0.8333333333333334,0.1353620963062924,0,0,0
2,120,60.0,0,0,2,0,0,3.9539213948770544,1.0,0.0,0,0,0
5,210,42.0,0,0,5,0,0,9.983780507950502,0.8,0.1425044047604613,0,0,0
5,210,42.0,0,0,5,0,0,9.998383783291562,0.8,0.14271992299007202,0,0,0
2,120,60.0,0,0,2,0,0,3.6335791495840617,1.0,0.0,0,0,0
4,168,42.0,0,0,4,0,0,7.942651922506999,0.75,0.14987717651489235,0,0,0
5,210,42.0,0,0,5,0,0,9.983652180867624,0.8,0.14624961069507325,0,0,0
2,120,60.0,0,0,2,0,0,3.949816296001925,1.0,0.0,0,0,0
5,210,42.0,0,0,5,0,0,9.995748420910143,0.8,0.14670934742236783,0,0,0
7,294,42.0,0,0,7,0,0,13.976474306915563,0.8571428571428571,0.13029103350799578,0,0,0
2,120,60.0,0,0,2,0,0,3.928983662270533,1.0,0.0,0,0,0
5,210,42.0,0,0,5,0,0,9.990182034886407,0.8,0.14959624505124422,0,0,0
3,126,42.0,0,0,3,0,0,5.9427165909358175,0.6666666666666666,0.11376125621405878,0,0,0
2,120,60.0,0,0,2,0,0,3.9028435467707103,1.0,0.0,0,0,0
5,210,42.0,0,0,5,0,0,9.948000914561547,0.8,0.15963052644439896,0,0,0
6,252,42.0,0,0,6,0,0,11.975753284242204,0.8333333333333334,0.1483252676190705,0,0,0
2,120,60.0,0,0,2,0,0,3.773128528055774,1.0,0.0,0,0,0
5,210,42.0,0,0,5,0,0,9.956852020662412,0.8,0.17113160715557216,0,0,0
4,168,42.0,0,0,4,0,0,7.978872927966595,0.75,0.19338404384127972,0,0,0
2,120,60.0,0,0,2,0,0,3.672063175220185,1.0,0.0,0,0,0
5,210,42.0,0,0,5,0,0,9.975996552180147,0.8,0.19913513829200905,0,0,0
5,210,42.0,0,0,5,0,0,9.962111567562637,0.8,0.20202866353108173,0,0,0
2,120,60.0,0,0,2,0,0,3.9667888268367766,1.0,0.0,0,0,0
5,210,42.0,0,0,5,0,0,9.997716471581512,0.8,0.19888327479791199,0,0,0
7,294,42.0,0,0,7,0,0,13.97787829491576,0.8571428571428571,0.17009094605657094,0,0,0
2,120,60.0,0,0,2,0,0,3.9600866548426583,1.0,0.0,0,0,0
7,294,42.0,0,0,7,0,0,7.4520909547086935,0.7142857142857143,0.21770108864551702,0,0,0
2,120,60.0,0,0,2,0,0,3.8690699776765123,1.0,0.0,0,0,0
6,252,42.0,0,0,6,0,0,11.187251973652916,0.8333333333333334,0.19508069114694443,0,0,0
2,650,325.0,0,1,0,1,1,0.032405536854981716,0.5,0.0,0,0,0
8,618,77.25,0,1,6,1,1,15.995591425016565,0.625,0.14849147100766436,0,0,0
2,120,60.0,0,0,2,0,0,3.9642974444232832,1.0,0.0,0,0,0
4,168,42.0,0,0,4,0,0,7.980687147486927,0.75,0.23727306919981175,0,0,0
7,294,42.0,0,0,7,0,0,13.965345545664007,0.8571428571428571,0.17468881261135727,0,0,0
2,120,60.0,0,0,2,0,0,3.7467709445305486,1.0,0.0,0,0,0
7,294,42.0,0,0,7,0,0,7.12271960551562,0.7142857142857143,0.2432733202203027,0,0,0
2,120,60.0,0,0,2,0,0,3.9952354031832877,1.0,0.0,0,0,0
6,252,42.0,0,0,6,0,0,11.964775788441735,0.8333333333333334,0.20946479405057125,0,0,0
6,252,42.0,0,0,6,0,0,11.974163489442002,0.8333333333333334,0.2131368684687637,0,0,0
2,120,60.0,0,0,2,0,0,3.9202198678306837,1.0,0.0,0,0,0
5,210,42.0,0,0,5,0,0,9.970091892197697,0.8,0.24361862243828114,0,0,0
4,168,42.0,0,0,4,0,0,7.977833349738632,0.75,0.28639580846643836,0,0,0
2,120,60.0,0,0,2,0,0,3.9364987597267365,1.0,0.0,0,0,0
8,336,42.0,0,0,8,0,0,15.909465996170853,0.875,0.18580468893456673,0,0,0
7,294,42.0,0,0,6,1,0,13.968195850759804,0.7142857142857143,0.14703254298410318,0,0,0
3,180,60.0,0,0,2,1,0,5.974400537856494,1.0,0.19040395153196724,0,0,0
5,210,42.0,0,0,5,0,0,9.984854782551148,0.8,0.23949162919700084,0,0,0
5,210,42.0,0,0,5,0,0,9.971566216480944,0.8,0.22946224751133149,0,0,0
2,120,60.0,0,0,2,0,0,3.9273171270676848,1.0,0.0,0,0,0
5,210,42.0,0,0,5,0,0,9.982421359024583,0.8,0.22450373547236369,0,0,0
6,252,42.0,0,0,6,0,0,11.96693211954462,0.8333333333333334,0.20181052468684726,0,0,0
2,120,60.0,0,0,2,0,0,3.9213028926160693,1.0,0.0,0,0,0
5,210,42.0,0,0,5,0,0,9.973510525880263,0.8,0.2193770353757602,0,0,0
6,252,42.0,0,0,6,0,0,11.983137969899571,0.8333333333333334,0.17967679251845736,0,0,0
2,120,60.0,0,0,2,0,0,3.135263665608075,1.0,0.0,0,0,0
4,168,42.0,0,0,4,0,0,7.9966902126767145,0.75,0.1462245291102049,0,0,0
3,126,42.0,0,0,3,0,0,5.609768189186442,0.6666666666666666,0.3757947883146547,0,0,0
2,120,60.0,0,0,2,0,0,2.1206112620868356,1.0,0.0,0,0,0
2,84,42.0,0,0,2,0,0,3.219184148701099,0.0,0.0,0,0,0
2,120,60.0,0,0,2,0,0,3.9682731457544023,1.0,0.0,0,0,0
2,84,42.0,0,0,2,0,0,3.9665074756721483,0.0,0.0,0,0,0
2,120,60.0,0,0,2,0,0,3.674813928935967,1.0,0.0,0,0,0
2,84,42.0,0,0,2,0,0,3.9329127840875793,0.0,0.0,0,0,0
2,120,60.0,0,0,2,0,0,3.9000709475072135,1.0,0.0,0,0,0
2,84,42.0,0,0,2,0,0,3.9105633031329323,0.0,0.0,0,0,0
2,120,60.0,0,0,2,0,0,3.966224289140813,1.0,0.0,0,0,0
2,84,42.0,0,0,2,0,0,3.8823764086363193,0.0,0.0,0,0,0
2,120,60.0,0,0,2,0,0,3.966704417296566,1.0,0.0,0,0,0
2,84,42.0,0,0,2,0,0,3.8126570311789836,0.0,0.0,0,0,0
2,120,60.0,0,0,2,0,0,3.9685979299310326,1.0,0.0,0,0,0
2,84,42.0,0,0,2,0,0,3.8320226615643733,0.0,0.0,0,0,0
2,120,60.0,0,0,2,0,0,2.990278733807841,1.0,0.0,0,0,0
2,84,42.0,0,0,2,0,0,3.3344097433390174,0.0,0.0,0,0,0
2,424,212.0,0,2,0,0,1,1.9889350389957603,0.0,0.0,0,0,0
2,120,60.0,0,0,2,0,0,2.5670239063550966,1.0,0.0,0,0,0
2,84,42.0,0,0,2,0,0,3.4453177590629154,0.0,0.0,0,0,0
2,120,60.0,0,0,2,0,0,3.9735739536611026,1.0,0.0,0,0,0
2,84,42.0,0,0,2,0,0,3.969674039938992,0.0,0.0,0,0,0
2,424,212.0,0,2,0,0,1,1.9949687054238383,0.0,0.0,0,0,0
2,120,60.0,0,0,2,0,0,3.9191923722383564,1.0,0.0,0,0,0
2,84,42.0,0,0,2,0,0,2.860573191674521,0.0,0.0,0,0,0
2,120,60.0,0,0,2,0,0,3.9401838149469066,1.0,0.0,0,0,0
2,84,42.0,0,0,2,0,0,3.935510718422607,0.0,0.0,0,0,0
2,120,60.0,0,0,2,0,0,3.516314592611999,1.0,0.0,0,0,0
2,84,42.0,0,0,2,0,0,3.971359803359031,0.0,0.0,0,0,0
2,120,60.0,0,0,2,0,0,3.1328223383770557,1.0,0.0,0,0,0
2,84,42.0,0,0,2,0,0,2.4745484822069908,0.0,0.0,0,0,0
2,120,60.0,0,0,2,0,0,3.7750183719545642,1.0,0.0,0,0,0
2,84,42.0,0,0,2,0,0,3.4992512278611647,0.0,0.0,0,0,0
2,120,60.0,0,0,2,0,0,3.96140133151617,1.0,0.0,0,0,0
2,84,42.0,0,0,2,0,0,3.9673066172791396,0.0,0.0,0,0,0
2,120,60.0,0,0,2,0,0,3.96725220540629,1.0,0.0,0,0,0
2,84,42.0,0,0,2,0,0,3.967499885306511,0.0,0.0,0,0,0
2,120,60.0,0,0,2,0,0,3.962662595327534,1.0,0.0,0,0,0
3,126,42.0,0,0,2,1,0,5.691778730610928,0.0,0.13801895916820087,0,0,0
3,180,60.0,0,0,2,1,0,3.471420105740698,1.0,0.10443112406550514,0,0,0
2,120,60.0,0,0,2,0,0,3.9878206295336898,1.0,0.0,0,0,0
3,126,42.0,0,0,3,0,0,2.9961383047877117,0.0,0.0012286649277895828,0,0,0
2,120,60.0,0,0,2,0,0,3.878773530815242,1.0,0.0,0,0,0
2,84,42.0,0,0,2,0,0,3.866984989090896,0.0,0.0,0,0,0
2,120,60.0,0,0,2,0,0,3.9852099946079096,1.0,0.0,0,0,0
2,84,42.0,0,0,2,0,0,3.9913783341152467,0.0,0.0,0,0,0
2,120,60.0,0,0,1,1,0,0.05154668132039728,1.0,0.0,0,0,0
2,84,42.0,0,0,1,1,0,0.051547763981912076,0.0,0.0,0,0,0
10,600,60.0,0,0,10,0,0,19.729804992962887,1.0,0.004356083779257785,0,0,0
10,420,42.0,0,0,10,0,0,19.745818088005166,0.0,0.0042031203563130575,0,0,0
11,660,60.0,0,0,11,0,0,17.84700438154868,1.0,0.022139734753015138,0,0,0
11,462,42.0,0,0,11,0,0,17.85431833133393,0.0,0.022180402611861435,0,0,0
11,660,60.0,0,0,11,0,0,19.93954004171381,1.0,0.003524477217809245,0,0,0
11,462,42.0,0,0,11,0,0,19.892170811754216,0.0,0.003904520742671093,0,0,0
9,540,60.0,0,0,9,0,0,17.593245458926436,1.0,0.02168752107625918,0,0,0
9,378,42.0,0,0,9,0,0,17.54890777054465,0.0,0.02208077260228437,0,0,0
11,660,60.0,0,0,11,0,0,20.252047598124275,1.0,0.001781953851129591,0,0,0
11,462,42.0,0,0,11,0,0,20.211919322901153,0.0,0.0019165083963664014,0,0,0
10,600,60.0,0,0,10,0,0,18.740124058314468,1.0,0.011684767729424634,0,0,0
10,420,42.0,0,0,10,0,0,18.715213821660598,0.0,0.01204669929660683,0,0,0
11,660,60.0,0,0,11,0,0,20.131918345404888,1.0,0.002337686294955454,0,0,0
11,462,42.0,0,0,11,0,0,20.13321853741682,0.0,0.002799472202878455,0,0,0
10,600,60.0,0,0,10,0,0,19.533793714989354,1.0,0.009721178930795738,0,0,0
10,420,42.0,0,0,10,0,0,19.520139097670878,0.0,0.00984733977811971,0,0,0
12,720,60.0,0,0,11,1,0,22.49829156258996,1.0,0.011821185648427867,0,0,0
12,504,42.0,0,0,11,1,0,22.520589355219904,0.0,0.011136997776093801,0,0,0
9,540,60.0,0,0,9,0,0,17.89488265067403,1.0,0.013860750531073884,0,0,0
9,378,42.0,0,0,9,0,0,17.836936121312238,0.0,0.013978097372600732,0,0,0
11,660,60.0,0,0,11,0,0,19.9797177301838,1.0,0.0016322441363590243,0,0,0
11,462,42.0,0,0,11,0,0,19.976283400718565,0.0,0.0018472272540057447,0,0,0
10,600,60.0,0,0,10,0,0,18.430255065206474,1.0,0.011091455496652598,0,0,0
10,420,42.0,0,0,10,0,0,18.440821519942915,0.0,0.010950650062643822,0,0,0
11,660,60.0,0,0,11,0,0,19.14717697757651,1.0,0.009013242553216998,0,0,0
11,462,42.0,0,0,11,0,0,19.086099646427645,0.0,0.009285496033668466,0,0,0
10,600,60.0,0,0,10,0,0,18.91702684137865,1.0,0.012300947451531633,0,0,0
10,420,42.0,0,0,10,0,0,18.96659019985828,0.0,0.01281678362435515,0,0,0
9,540,60.0,0,0,9,0,0,17.171652677934983,1.0,0.030306319881421143,0,0,0
9,378,42.0,0,0,9,0,0,17.121533850519242,0.0,0.030381919306597744,0,0,0
11,660,60.0,0,0,11,0,0,20.345049681555626,1.0,0.000781624621756064,0,0,0
11,462,42.0,0,0,11,0,0,20.35380065361784,0.0,0.0007071233875181244,0,0,0
9,540,60.0,0,0,9,0,0,17.09309642187627,1.0,0.03006781548556995,0,0,0
9,378,42.0,0,0,9,0,0,17.0479988366327,0.0,0.030728282156717874,0,0,0
10,600,60.0,0,0,10,0,0,19.512275001721274,1.0,0.006127109182787266,0,0,0
10,420,42.0,0,0,10,0,0,19.51272887646649,0.0,0.0064085967308210035,0,0,0
9,540,60.0,0,0,9,0,0,17.8265501235622,1.0,0.016662071422388992,0,0,0
9,378,42.0,0,0,9,0,0,17.822577500119216,0.0,0.01662534809943218,0,0,0
10,600,60.0,0,0,10,0,0,18.186534181398613,1.0,0.017935960322344336,0,0,0
10,420,42.0,0,0,10,0,0,18.26825647922953,0.0,0.01718522003748352,0,0,0
10,600,60.0,0,0,10,0,0,18.420566296935224,1.0,0.016752615653451413,0,0,0
10,420,42.0,0,0,10,0,0,18.412544557411017,0.0,0.01663890085919217,0,0,0
9,540,60.0,0,0,9,0,0,16.818574744026087,1.0,0.020597491087211827,0,0,0
9,378,42.0,0,0,9,0,0,16.801656810106437,0.0,0.02052360069581616,0,0,0
9,540,60.0,0,0,9,0,0,16.185239082208334,1.0,0.018450623165793708,0,0,0
9,378,42.0,0,0,9,0,0,16.152757571297023,0.0,0.018508310382161674,0,0,0
10,600,60.0,0,0,10,0,0,17.330323678390023,1.0,0.016470788304139446,0,0,0
10,420,42.0,0,0,10,0,0,17.31527787066417,0.0,0.017160919865451867,0,0,0
8,480,60.0,0,0,8,0,0,15.5701914068536,1.0,0.02513023205102166,0,0,0
8,336,42.0,0,0,8,0,0,15.595962225108089,0.0,0.02486125067236907,0,0,0
10,600,60.0,0,0,10,0,0,18.792080299181926,1.0,0.012785144795121611,0,0,0
10,420,42.0,0,0,10,0,0,18.745434092496694,0.0,0.013370082928823513,0,0,0
10,600,60.0,0,0,10,0,0,19.02472036504495,1.0,0.005996126735265667,0,0,0
10,420,42.0,0,0,10,0,0,18.98889859241522,0.0,0.006228436886014911,0,0,0
10,600,60.0,0,0,10,0,0,17.497110099072188,1.0,0.015164288333536722,0,0,0
10,420,42.0,0,0,10,0,0,17.486423364237396,0.0,0.015448079896121918,0,0,0
4,240,60.0,0,0,3,1,0,0.41457923220776327,1.0,5.476443084181481,0,0,0
4,168,42.0,0,0,3,1,0,0.41459958923611806,0.0,5.475962584982669,0,0,0
36,2160,60.0,0,0,36,0,0,70.53155668825036,1.0,0.0060379642836107215,0,0,3
36,1512,42.0,0,0,36,0,0,70.16487159398551,0.0,0.006358244536452127,0,0,3
33,1980,60.0,0,0,33,0,0,65.36268983755194,1.0,0.010269931767783756,0,0,3
33,1386,42.0,0,0,33,0,0,65.32298890879976,0.0,0.010352238293763725,0,0,3
32,1920,60.0,0,0,32,0,0,57.97311301276968,1.0,0.011375954159918355,0,0,3
32,1344,42.0,0,0,32,0,0,57.98643763176995,0.0,0.011321106318014515,0,0,3
35,2100,60.0,0,0,35,0,0,68.32869122268725,1.0,0.00718129430198078,0,0,3
35,1470,42.0,0,0,35,0,0,68.1766268506994,0.0,0.0072623514372527785,0,0,3
30,1800,60.0,0,0,30,0,0,59.33779631379695,1.0,0.012861020147562031,0,0,3
30,1260,42.0,0,0,30,0,0,59.25123395807415,0.0,0.012978371629145427,0,0,3
35,2100,60.0,0,0,35,0,0,67.62588125168142,1.0,0.009065261119615186,0,0,3
35,1470,42.0,0,0,35,0,0,67.46579274028954,0.0,0.009242009651534707,0,0,3
37,2220,60.0,0,0,37,0,0,72.23228010565634,1.0,0.00523265985437161,0,0,3
37,1554,42.0,0,0,37,0,0,72.11007585092997,0.0,0.005290775128719866,0,0,3
34,2040,60.0,0,0,34,0,0,67.12829171736762,1.0,0.008695001093262211,0,0,3
34,1428,42.0,0,0,34,0,0,67.17733746491719,0.0,0.008648746366078607,0,0,3
32,1920,60.0,0,0,32,0,0,63.37191710612733,1.0,0.012931165365586153,0,0,3
32,1344,42.0,0,0,32,0,0,63.11969902182092,0.0,0.013028835431490287,0,0,3
34,2040,60.0,0,0,33,1,0,67.19446183915228,1.0,0.00976779603091317,0,0,3
34,1428,42.0,0,0,33,1,0,67.17872987907424,0.0,0.009717922083284241,0,0,3
27,1134,42.0,0,0,27,0,0,53.966058144239305,0.0,0.014330796087853625,0,0,3
28,1680,60.0,0,0,28,0,0,54.46847414266096,1.0,0.014618766942858224,0,0,3
36,1512,42.0,0,0,36,0,0,70.37491698045143,0.0,0.005850011468400695,0,0,3
36,2160,60.0,0,0,36,0,0,64.7992182635202,1.0,0.009607686048910834,0,0,3
36,1512,42.0,0,0,36,0,0,71.93554740258719,0.0,0.009033280118466021,0,0,3
36,2160,60.0,0,0,36,0,0,71.79019065926046,1.0,0.009011117689719812,0,0,3
34,1428,42.0,0,0,34,0,0,67.14339940496453,0.0,0.010712878865318937,0,0,3
34,2040,60.0,0,0,34,0,0,66.96381250402071,1.0,0.010788227461192965,0,0,3
30,1800,60.0,0,0,30,0,0,59.78587545844632,1.0,0.013053129134747198,0,0,3
31,1302,42.0,0,0,31,0,0,60.060115811995814,0.0,0.013011685915026104,0,0,3
32,1920,60.0,0,0,32,0,0,63.466250297310985,1.0,0.008833012263752292,0,0,3
32,1344,42.0,0,0,32,0,0,63.45157846864573,0.0,0.008847899361266459,0,0,3
31,1860,60.0,0,0,31,0,0,61.685506138025396,1.0,0.014715445996676818,0,0,3
31,1302,42.0,0,0,31,0,0,61.541596754596924,0.0,0.014787332631769259,0,0,3
33,1980,60.0,0,0,33,0,0,65.76668161809985,1.0,0.0096458412947723,0,0,3
33,1386,42.0,0,0,33,0,0,65.46616322644452,0.0,0.009651489219257306,0,0,3
29,1740,60.0,0,0,29,0,0,56.33740149566336,1.0,0.011267412717321004,0,0,3
29,1218,42.0,0,0,29,0,0,56.31726435702333,0.0,0.01144025548797464,0,0,3
32,1920,60.0,0,0,32,0,0,63.483901483349975,1.0,0.009614462031868552,0,0,3
32,1344,42.0,0,0,32,0,0,63.339827560983665,0.0,0.009470152810051027,0,0,3
32,1920,60.0,0,0,32,0,0,62.61770316690826,1.0,0.010091071194720384,0,0,3
32,1344,42.0,0,0,32,0,0,62.620420145248985,0.0,0.010163933291961967,0,0,3
36,2160,60.0,0,0,36,0,0,70.7708298181082,1.0,0.008153680274737733,0,0,3
36,1512,42.0,0,0,36,0,0,70.73591898170595,0.0,0.00803366516458716,0,0,3
35,2100,60.0,0,0,35,0,0,63.811466627139666,1.0,0.008317853570958052,0,0,3
35,1470,42.0,0,0,35,0,0,63.61725805612855,0.0,0.008513207144290899,0,0,3
32,1920,60.0,0,0,32,0,0,62.54734842659673,1.0,0.01709503720473126,0,0,3
32,1344,42.0,0,0,32,0,0,62.448460304403014,0.0,0.01723849064795465,0,0,3
2,424,212.0,0,2,0,0,1,1.9848464126998249,0.0,0.0,0,0,0
2,424,212.0,0,2,0,0,1,2.000358645844859,0.0,0.0,0,0,0
2,204,102.0,0,0,0,0,0,0.016659334019380176,0.0,0.0,0,0,0
8,480,60.0,0,0,7,1,0,0.21506071140711064,1.0,14.021253590787698,0,0,0
8,336,42.0,0,0,7,1,0,0.2150557892873665,0.0,14.021799850430327,0,0,0
10,5540,554.0,0,10,0,0,1,19.546911751204583,1.0,0.013062995872569339,0,0,0
11,6094,554.0,0,11,0,0,1,20.843164006382512,1.0,0.0077922178843184515,0,0,2
10,5540,554.0,0,10,0,0,1,18.938209651646183,1.0,0.012876176223530244,0,0,0
12,6648,554.0,0,12,0,0,1,22.795398858863376,1.0,0.009942979201585527,0,0,2
12,6648,554.0,0,12,0,0,1,23.4511683732234,1.0,0.008010224587156854,0,0,2
8,4432,554.0,0,8,0,0,1,15.283846629662325,1.0,0.03155968785957226,0,0,0
10,5540,554.0,0,10,0,0,1,19.365857982920126,1.0,0.01166483760329724,0,0,0
10,5540,554.0,0,10,0,0,1,18.724278861714215,1.0,0.01618331041217768,0,0,0
9,4986,554.0,0,9,0,0,1,17.792814007726346,1.0,0.017627696445140447,0,0,0
12,6648,554.0,0,12,0,0,1,23.547785046125572,1.0,0.009504090513472374,0,0,2
12,6648,554.0,0,12,0,0,1,22.91546777575174,1.0,0.014124926873611016,0,0,2
11,6094,554.0,0,11,0,0,1,21.12748888499143,1.0,0.008258685965978438,0,0,2
11,6094,554.0,0,11,0,0,1,21.150152263274503,1.0,0.011423576022855006,0,0,2
10,5540,554.0,0,10,0,0,1,18.884771620685836,1.0,0.013754115986423168,0,0,0
14,7756,554.0,0,14,0,0,1,24.619589174974834,1.0,0.015529425615441758,0,0,2
12,6648,554.0,0,12,0,0,1,23.005293375304927,1.0,0.016449979039777015,0,0,2
14,7756,554.0,0,14,0,0,1,26.46211612185679,1.0,0.009606092234680336,0,0,2
12,6648,554.0,0,12,0,0,1,23.167926292226685,1.0,0.007890948501145946,0,0,2
11,5600,509.09090909090907,0,10,0,1,1,21.70888190939996,1.0,0.017874784645731005,0,0,0
12,6648,554.0,0,12,0,0,1,23.548159626310945,1.0,0.008366990450045329,0,0,2
13,7202,554.0,0,13,0,0,1,23.631858265935136,1.0,0.01583447352746236,0,0,2
13,7202,554.0,0,13,0,0,1,24.29040166111817,1.0,0.010525644914354594,0,0,2
10,5540,554.0,0,10,0,0,1,17.971917165493334,1.0,0.014401522289468451,0,0,0
10,5540,554.0,0,10,0,0,1,17.570274958643306,1.0,0.03479184762809088,0,0,0
10,5540,554.0,0,10,0,0,1,19.800414579488844,1.0,0.0210619659529449,0,0,0
12,6648,554.0,0,12,0,0,1,21.969061869277667,1.0,0.011516189758642404,0,0,2
13,7202,554.0,0,13,0,0,1,24.099974806518482,1.0,0.011491273765011169,0,0,2
10,5540,554.0,0,10,0,0,1,19.61083221236141,1.0,0.013644071681605705,0,0,0
12,6648,554.0,0,12,0,0,1,21.640658167479366,1.0,0.011232978499490237,0,0,2
11,6094,554.0,0,11,0,0,1,20.96634512481692,1.0,0.015943273887071834,0,0,2
9,4986,554.0,0,9,0,0,1,17.71579903275538,1.0,0.027495855959510863,0,0,0
11,6094,554.0,0,11,0,0,1,21.152857679928843,1.0,0.015356794870883308,0,0,2
12,6648,554.0,0,12,0,0,1,23.6422466961594,1.0,0.011948181715836958,0,0,2
10,5540,554.0,0,10,0,0,1,19.92092999397761,1.0,0.01782357040074247,0,0,0
10,5540,554.0,0,10,0,0,1,19.063267827226774,1.0,0.027236775806226476,0,0,0
12,6648,554.0,0,12,0,0,1,23.309847335456297,1.0,0.01566988342501262,0,0,2
2,1180,590.0,0,2,0,0,1,0.00915482231873838,0.5,0.0,0,0,0
2,388,194.0,0,1,0,1,1,0.39593935751270687,0.0,0.0,0,0,0
2,650,325.0,0,1,0,1,1,0.13291499095742879,0.0,0.0,0,0,0
7,733,104.71428571428571,0,2,0,0,2,13.410112898407876,0.0,0.16116727774993259,0,0,0
2,120,60.0,0,0,0,1,0,0.49997556329000603,0.0,0.0,0,0,0
2,84,42.0,0,0,0,2,0,0.025815940716690466,0.0,0.0,0,0,0
13,6708,516.0,0,12,0,1,1,24.60699534991191,1.0,0.011269416458964572,0,0,2
11,6094,554.0,0,11,0,0,1,20.421892608478185,1.0,0.015855600629795474,0,0,2
11,6094,554.0,0,11,0,0,1,21.052092097938473,1.0,0.010201365941794603,0,0,2
12,6648,554.0,0,12,0,0,1,21.83729599522398,1.0,0.013794268197545824,0,0,2
11,6094,554.0,0,11,0,0,1,21.30094885631235,1.0,0.013965780317812948,0,0,2
11,6094,554.0,0,11,0,0,1,20.496995911027078,1.0,0.01886306495403534,0,0,2
11,6094,554.0,0,11,0,0,1,19.540945168695416,1.0,0.01087472653922766,0,0,0
11,6094,554.0,0,11,0,0,1,21.516955254841825,1.0,0.010115908887076301,0,0,2
13,7202,554.0,0,13,0,0,1,23.62049491058158,1.0,0.012079874358494929,0,0,2
11,6094,554.0,0,11,0,0,1,21.07420887232332,1.0,0.009464364497818706,0,0,2
10,5540,554.0,0,10,0,0,1,19.378214164105962,1.0,0.01919147604272089,0,0,0
12,6648,554.0,0,12,0,0,1,22.766630902258225,1.0,0.013290787628296531,0,0,2
13,7202,554.0,0,13,0,0,1,18.17277314509302,1.0,0.0503612187245587,0,0,0
11,6094,554.0,0,11,0,0,1,20.605859654137486,1.0,0.016826751568082304,0,0,2
11,6094,554.0,0,11,0,0,1,21.264908070298993,1.0,0.014338961704791622,0,0,2
13,7202,554.0,0,13,0,0,1,23.95513164658176,1.0,0.010570897682396605,0,0,2
12,6648,554.0,0,12,0,0,1,22.181424271403955,1.0,0.012244778004560444,0,0,2
2,424,212.0,0,2,0,0,1,1.990092014919389,0.0,0.0,0,0,0
2,424,212.0,0,2,0,0,1,1.9987952817744432,0.0,0.0,0,0,0
5,2276,455.2,0,4,0,1,1,0.23173161779355025,1.0,10.68436343902999,0,0,0
10,5540,554.0,0,10,0,0,1,19.62353062270017,1.0,0.016111753059650347,0,0,0
11,6094,554.0,0,11,0,0,1,20.170150742740578,1.0,0.013124775360966245,0,0,2
12,6648,554.0,0,12,0,0,1,22.652923832769016,1.0,0.010466435707539136,0,0,2
11,6094,554.0,0,11,0,0,1,21.478290501524143,1.0,0.014534246340903214,0,0,2
14,7756,554.0,0,14,0,0,1,26.409096346907514,1.0,0.008852686984488533,0,0,2
10,5540,554.0,0,10,0,0,1,19.73125290490357,1.0,0.014542041793442642,0,0,0
10,5540,554.0,0,10,0,0,1,18.713134695804214,1.0,0.02145875698069112,0,0,0
10,5540,554.0,0,10,0,0,1,19.317791483378187,1.0,0.018015502146177486,0,0,0
9,4986,554.0,0,9,0,0,1,17.8102500831566,1.0,0.01980046519494481,0,0,0
10,5540,554.0,0,10,0,0,1,19.067037554431902,1.0,0.02356820652907754,0,0,0
10,5540,554.0,0,10,0,0,1,19.645037926601077,1.0,0.01943591131441011,0,0,0
12,6648,554.0,0,12,0,0,1,22.730090258038818,1.0,0.012861717336087326,0,0,2
10,5540,554.0,0,10,0,0,1,19.906870694929147,1.0,0.017542702086255656,0,0,0
11,6094,554.0,0,11,0,0,1,21.339766775391343,1.0,0.010941242212607115,0,0,2
11,6094,554.0,0,11,0,0,1,21.3679241307029,1.0,0.011880985550077027,0,0,2
12,6648,554.0,0,12,0,0,1,23.460765915555196,1.0,0.007732081539252627,0,0,2
12,6648,554.0,0,12,0,0,1,23.369731593514636,1.0,0.01131495865008872,0,0,2
12,6648,554.0,0,12,0,0,1,23.169835362833357,1.0,0.00852723282979761,0,0,2
4,1722,430.5,0,3,0,1,1,1.167609887329915,1.0,1.889472770135694,0,0,0
2,84,42.0,0,0,0,2,0,0.14542476286672731,0.0,0.0,0,0,0
12,6648,554.0,0,12,0,0,1,21.97329151574075,1.0,0.018997917176373166,0,0,2
10,5540,554.0,0,10,0,0,1,19.599038529832864,1.0,0.014825673516508087,0,0,0
13,7202,554.0,0,13,0,0,1,25.053910110759094,1.0,0.010447001914369248,0,0,2
12,6648,554.0,0,12,0,0,1,21.06600101455026,1.0,0.015074875248594305,0,0,2
10,5540,554.0,0,10,0,0,1,19.378590196548608,1.0,0.01602889549761703,0,0,0
11,6094,554.0,0,11,0,0,1,21.56806321760362,1.0,0.01174062247262563,0,0,2
10,5540,554.0,0,10,0,0,1,19.346697300561033,1.0,0.021387396578125,0,0,0
11,6094,554.0,0,11,0,0,1,20.26572023438255,1.0,0.014938638301140892,0,0,2
12,6648,554.0,0,12,0,0,1,21.97453866112948,1.0,0.007480257320489473,0,0,2
11,6094,554.0,0,11,0,0,1,21.708381404435276,1.0,0.006724004497151208,0,0,2
11,6094,554.0,0,11,0,0,1,20.40868555898423,1.0,0.00962314144634833,0,0,2
11,6094,554.0,0,11,0,0,1,21.07107123382015,1.0,0.01459264488859235,0,0,2
11,6094,554.0,0,11,0,0,1,20.643042281299344,1.0,0.009891791852080249,0,0,2
13,7202,554.0,0,13,0,0,1,24.98242990380157,1.0,0.008771305050018429,0,0,2
11,6094,554.0,0,11,0,0,1,21.067193787788085,1.0,0.00715703433949071,0,0,2
12,6648,554.0,0,12,0,0,1,23.61532445023326,1.0,0.01020270307180386,0,0,2
11,6094,554.0,0,11,0,0,1,20.65304996947076,1.0,0.010262662662035349,0,0,2
2,650,325.0,0,1,0,1,1,0.035184277951890094,0.5,0.0,0,0,0
9,4492,499.1111111111111,0,8,0,1,1,1.8569886850259716,1.0,1.5589006611809946,0,0,0
2,366,183.0,0,1,0,1,1,0.5425909491936757,0.0,0.0,0,0,0
11,6094,554.0,0,11,0,0,1,20.996066310249983,1.0,0.015078359455259501,0,0,2
13,7202,554.0,0,13,0,0,1,25.323617408040068,1.0,0.009438983611294692,0,0,2
10,5540,554.0,0,10,0,0,1,19.864952740089674,1.0,0.01174803988750354,0,0,0
9,4986,554.0,0,9,0,0,1,17.850448427736602,1.0,0.014553053449551566,0,0,0
9,4986,554.0,0,9,0,0,1,17.43332097180972,1.0,0.03848039878144072,0,0,0
13,7202,554.0,0,13,0,0,1,23.69827032811046,1.0,0.018395505095038723,0,0,2
13,7202,554.0,0,13,0,0,1,25.815977550316013,1.0,0.007612872215873805,0,0,2
11,6094,554.0,0,11,0,0,1,20.319844126284487,1.0,0.007048275841848037,0,0,2
10,5540,554.0,0,10,0,0,1,18.91447614666901,1.0,0.011938310201798618,0,0,0
11,6094,554.0,0,11,0,0,1,19.182770269567946,1.0,0.01549525406630461,0,0,0
9,4986,554.0,0,9,0,0,1,16.529095904806734,1.0,0.04622982636065565,0,0,0
9,4986,554.0,0,9,0,0,1,16.216263029290772,1.0,0.03067303192785912,0,0,0
11,6094,554.0,0,11,0,0,1,21.52194371039331,1.0,0.013100323526846659,0,0,2
11,6094,554.0,0,11,0,0,1,20.108920436616206,1.0,0.012369698578378456,0,0,2
11,6094,554.0,0,11,0,0,1,21.231714663197486,1.0,0.009315729242221389,0,0,2
10,5540,554.0,0,10,0,0,1,19.6308231196331,1.0,0.014981506908998632,0,0,0
11,6094,554.0,0,11,0,0,1,20.74030332754034,1.0,0.011030993760578109,0,0,2
10,5540,554.0,0,10,0,0,1,18.28434321505607,1.0,0.018458116940913864,0,0,0
9,4492,499.1111111111111,0,8,0,1,1,2.842554839801799,1.0,1.0070243334136937,0,0,0
2,84,42.0,0,0,0,2,0,0.16171495806222305,0.0,0.0,0,0,0
12,6648,554.0,0,12,0,0,1,23.28132850483998,1.0,0.012541347740956454,0,0,2
10,5540,554.0,0,10,0,0,1,19.24759915764587,1.0,0.018732034889803302,0,0,0
9,4986,554.0,0,9,0,0,1,16.1521493561174,1.0,0.020486370648005545,0,0,0
13,7202,554.0,0,13,0,0,1,22.85922609926747,1.0,0.01884064725197902,0,0,2
8,4432,554.0,0,8,0,0,1,15.206243751761743,1.0,0.029979368337421066,0,0,0
11,6094,554.0,0,11,0,0,1,21.60042622800389,1.0,0.015018903442926433,0,0,2
11,6094,554.0,0,11,0,0,1,20.96665001901831,1.0,0.016306047911612404,0,0,2
12,6648,554.0,0,12,0,0,1,23.86765055261784,1.0,0.007755828407128387,0,0,2
13,7202,554.0,0,13,0,0,1,23.27407827295482,1.0,0.021107602886332365,0,0,2
11,6094,554.0,0,11,0,0,1,20.774343154811085,1.0,0.03504083307634713,0,0,2
13,7202,554.0,0,13,0,0,1,22.94093774100186,1.0,0.010384890858807394,0,0,2
12,6648,554.0,0,12,0,0,1,22.81951051871089,1.0,0.009840533840254139,0,0,2
10,5540,554.0,0,10,0,0,1,19.579578402031945,1.0,0.010467050179501504,0,0,0
10,5540,554.0,0,10,0,0,1,17.823755635918598,1.0,0.02235128453574655,0,0,0
11,6094,554.0,0,11,0,0,1,19.783307570102075,1.0,0.018105636648893173,0,0,0
10,5540,554.0,0,10,0,0,1,19.968616219016134,1.0,0.013180076690064876,0,0,0
12,6648,554.0,0,12,0,0,1,20.971825839126822,1.0,0.01590733346217531,0,0,2
11,6094,554.0,0,11,0,0,1,21.498146412016542,1.0,0.012050620021413945,0,0,2
21,882,42.0,0,0,0,21,0,40.27268254766586,1.0,0.025939515288821633,0,0,4
20,840,42.0,0,0,0,20,0,34.780774276365214,1.0,0.030719198771741982,0,0,4
20,840,42.0,0,0,0,20,0,38.22924124466627,1.0,0.02613167814530641,0,0,4
20,840,42.0,0,0,0,20,0,36.15773076253317,1.0,0.029249537812360088,0,0,4
2,424,212.0,0,2,0,0,1,1.989439752898566,0.0,0.0,0,0,0
20,840,42.0,0,0,0,20,0,38.848720025600876,1.0,0.025650796173484845,0,0,4
20,840,42.0,0,0,0,20,0,35.032655936848904,1.0,0.030997051415242845,0,0,4
20,840,42.0,0,0,0,20,0,38.967265781342036,1.0,0.025409981888067045,0,0,4
2,424,212.0,0,2,0,0,1,2.005658377547627,0.0,0.0,0,0,0
20,840,42.0,0,0,0,20,0,36.40896790140604,1.0,0.02814713072790298,0,0,4
2,204,102.0,0,0,0,0,0,0.016658992196713553,0.0,0.0,0,0,0
20,840,42.0,0,0,0,20,0,37.90667986767063,1.0,0.02610440813095312,0,0,4
20,840,42.0,0,0,0,20,0,36.358469916933764,1.0,0.028278136177904967,0,0,4
20,840,42.0,0,0,0,20,0,37.97444470700503,1.0,0.025961194700905948,0,0,4
20,840,42.0,0,0,0,20,0,35.88030840799301,1.0,0.028885964637300962,0,0,4
20,840,42.0,0,0,0,20,0,38.43633904368816,1.0,0.025552990566686695,0,0,4
20,840,42.0,0,0,0,20,0,36.0904501901409,1.0,0.028444539892059983,0,0,4
20,840,42.0,0,0,0,20,0,38.771439333889504,1.0,0.025286376552770717,0,0,4
20,840,42.0,0,0,0,20,0,36.563761174174815,1.0,0.027695258447893036,0,0,4
20,840,42.0,0,0,0,20,0,38.30407615693853,1.0,0.025517404685433703,0,0,4
20,840,42.0,0,0,0,20,0,36.062879335679455,1.0,0.02830682538494847,0,0,4
20,840,42.0,0,0,0,20,0,38.32512868917732,1.0,0.025776059304927698,0,0,4
20,840,42.0,0,0,0,20,0,36.266796712705904,1.0,0.027861171696901714,0,0,4
20,840,42.0,0,0,0,20,0,38.74391610342416,1.0,0.02530290169634028,0,0,4
20,840,42.0,0,0,0,20,0,35.708618698500715,1.0,0.028529295372819147,0,0,4
20,840,42.0,0,0,0,20,0,38.954870329341695,1.0,0.025426981841879606,0,0,4
20,840,42.0,0,0,0,20,0,36.31035921622403,1.0,0.028695622667392576,0,0,4
20,840,42.0,0,0,0,20,0,38.57329613619047,1.0,0.025619089625283142,0,0,4
20,840,42.0,0,0,0,20,0,35.799168758143104,1.0,0.028782694516283,0,0,4
20,840,42.0,0,0,0,20,0,38.392923179443244,1.0,0.025791134232545514,0,0,4
20,840,42.0,0,0,0,20,0,35.81414709974678,1.0,0.02879458411866882,0,0,4
20,840,42.0,0,0,0,20,0,38.32749263706751,1.0,0.025916399106584803,0,0,4
20,840,42.0,0,0,0,20,0,35.3878630283538,1.0,0.02934976987882774,0,0,4
20,840,42.0,0,0,0,20,0,37.85795810202224,1.0,0.026029011603364037,0,0,4
20,840,42.0,0,0,0,20,0,35.123644019113115,1.0,0.029916332657719855,0,0,4
20,840,42.0,0,0,0,20,0,38.18571808345988,1.0,0.026018732145412463,0,0,4
20,840,42.0,0,0,0,20,0,36.09414605538251,1.0,0.028272952427425332,0,0,4
20,840,42.0,0,0,0,20,0,38.507515031440015,1.0,0.026029879472397394,0,0,4
20,840,42.0,0,0,0,20,0,36.55853452216952,1.0,0.02801036238437798,0,0,4
20,840,42.0,0,0,0,20,0,38.406897723178126,1.0,0.02596198088845162,0,0,4
20,840,42.0,0,0,0,20,0,36.22979983061162,1.0,0.028017977891997642,0,0,4
20,840,42.0,0,0,0,20,0,38.33896630318586,1.0,0.02580166396789475,0,0,4
20,840,42.0,0,0,0,20,0,36.599575217408756,1.0,0.0281762637434211,0,0,4
20,840,42.0,0,0,0,20,0,38.690806848717365,1.0,0.025811757384373003,0,0,4
20,840,42.0,0,0,0,20,0,35.089161756924355,1.0,0.030545807820648346,0,0,4
20,840,42.0,0,0,0,20,0,38.25848051686252,1.0,0.025612457224540815,0,0,4
20,840,42.0,0,0,0,20,0,34.86179099651864,1.0,0.030619265971733593,0,0,4
20,840,42.0,0,0,0,20,0,38.27929079839483,1.0,0.02553646836984338,0,0,4
20,840,42.0,0,0,0,20,0,35.852873685051826,1.0,0.029130680545496054,0,0,4
20,840,42.0,0,0,0,20,0,38.72656630866733,1.0,0.025500936501716028,0,0,4
20,840,42.0,0,0,0,20,0,35.37118073329584,1.0,0.030061498155015905,0,0,4
20,840,42.0,0,0,0,20,0,37.94325208179733,1.0,0.02590366741640072,0,0,4
20,840,42.0,0,0,0,20,0,35.81904070170854,1.0,0.028467610726101954,0,0,4
20,840,42.0,0,0,0,20,0,38.253700143372576,1.0,0.02585827681985801,0,0,4
20,840,42.0,0,0,0,20,0,34.955562815444004,1.0,0.03053758967576953,0,0,4
20,840,42.0,0,0,0,20,0,38.579735793034814,1.0,0.02546331120127667,0,0,4
20,840,42.0,0,0,0,20,0,35.38766895775513,1.0,0.02983398649231876,0,0,4
20,840,42.0,0,0,0,20,0,38.987259879495895,1.0,0.025386299776817143,0,0,4
20,840,42.0,0,0,0,20,0,36.029623928327375,1.0,0.028716750903956676,0,0,4
20,840,42.0,0,0,0,20,0,38.21008649484306,1.0,0.026002463561312403,0,0,4
20,840,42.0,0,0,0,20,0,35.10474164230409,1.0,0.03062250132866203,0,0,4
20,840,42.0,0,0,0,20,0,38.51593097754869,1.0,0.025637333699943678,0,0,4
20,840,42.0,0,0,0,20,0,35.72356698747977,1.0,0.02863971431726533,0,0,4
20,840,42.0,0,0,0,20,0,38.82451876683234,1.0,0.025533885884972084,0,0,4
20,840,42.0,0,0,0,20,0,34.86528296271913,1.0,0.030372469103254498,0,0,4
20,840,42.0,0,0,0,20,0,38.336022784242054,1.0,0.025839261283617344,0,0,4
20,840,42.0,0,0,0,20,0,34.682042305055816,1.0,0.030662826183208997,0,0,4
20,840,42.0,0,0,0,20,0,38.108712806606846,1.0,0.025841952765291023,0,0,4
20,840,42.0,0,0,0,20,0,36.083495320196306,1.0,0.0280575383244825,0,0,4
20,840,42.0,0,0,0,20,0,38.61066899136248,1.0,0.025586399878242534,0,0,4
20,840,42.0,0,0,0,20,0,34.55392501336664,1.0,0.03213274313845469,0,0,4
20,840,42.0,0,0,0,20,0,38.66448499486078,1.0,0.02580031819450098,0,0,4
20,840,42.0,0,0,0,20,0,34.87051497623298,1.0,0.030978336085136535,0,0,4
20,840,42.0,0,0,0,20,0,38.23535739354768,1.0,0.025803480590694622,0,0,4
20,840,42.0,0,0,0,20,0,35.2391894565669,1.0,0.02945051478914224,0,0,4
20,840,42.0,0,0,0,20,0,38.46676039623211,1.0,0.02560412700226883,0,0,4
20,840,42.0,0,0,0,20,0,36.50320467771112,1.0,0.028209538132221875,0,0,4
20,840,42.0,0,0,0,20,0,38.46347976641136,1.0,0.02602897307112883,0,0,4
20,840,42.0,0,0,0,20,0,35.63058333418283,1.0,0.029888396474021077,0,0,4
20,840,42.0,0,0,0,20,0,38.96393542525579,1.0,0.025024593160012203,0,0,4
20,840,42.0,0,0,0,20,0,36.013258856374264,1.0,0.02881142571145883,0,0,4
20,840,42.0,0,0,0,20,0,38.95004095308318,1.0,0.025626654315944578,0,0,4
20,840,42.0,0,0,0,20,0,35.46792664235505,1.0,0.03038029819382453,0,0,4
20,840,42.0,0,0,0,20,0,38.793242103987765,1.0,0.025714279937917254,0,0,4
20,840,42.0,0,0,0,20,0,36.47252584805085,1.0,0.028044812984273745,0,0,4
20,840,42.0,0,0,0,20,0,38.28869077504788,1.0,0.02625072830458942,0,0,4
20,840,42.0,0,0,0,20,0,36.04388200738013,1.0,0.028334107458829794,0,0,4
20,840,42.0,0,0,0,20,0,38.77255039534689,1.0,0.025731256665949803,0,0,4
20,840,42.0,0,0,0,20,0,35.640256635434845,1.0,0.029354874838668416,0,0,4
20,840,42.0,0,0,0,20,0,38.98639014424105,1.0,0.025695878858346163,0,0,4
18,756,42.0,0,0,0,18,0,32.90712687625939,1.0,0.029997200591573202,0,0,4
2,614,307.0,0,1,0,1,1,0.014096197000542323,1.0,0.0,0,0,0
2,84,42.0,0,0,0,2,0,0.044236995636385196,0.5,0.0,0,0,0
36,2160,60.0,0,0,36,0,0,71.72079820796498,1.0,0.005432692045842463,0,0,3
36,1512,42.0,0,0,36,0,0,71.54713977178068,0.0,0.005444440817786702,0,0,3
31,1860,60.0,0,0,31,0,0,60.877548144295,1.0,0.011215245569427594,0,0,3
31,1302,42.0,0,0,31,0,0,60.76326596991545,0.0,0.010976764529754969,0,0,3
31,1860,60.0,0,0,31,0,0,61.84808945237675,1.0,0.00865332966521323,0,0,3
31,1302,42.0,0,0,31,0,0,61.782260566783386,0.0,0.008718362340478403,0,0,3
24,1440,60.0,0,0,24,0,0,47.01965409502741,1.0,0.022533254357752427,0,0,3
24,1008,42.0,0,0,24,0,0,46.99570488448007,0.0,0.022543996174786196,0,0,3
31,1860,60.0,0,0,31,0,0,60.33731951950447,1.0,0.012349392135371024,0,0,3
31,1302,42.0,0,0,31,0,0,60.2175239402583,0.0,0.01228653849194267,0,0,3
28,1680,60.0,0,0,28,0,0,52.91960571821244,1.0,0.014846152396174938,0,0,3
28,1176,42.0,0,0,28,0,0,52.91397866418919,0.0,0.014820220739153352,0,0,3
34,2040,60.0,0,0,34,0,0,67.81080958990549,1.0,0.005460705550389676,0,0,3
34,1428,42.0,0,0,34,0,0,67.64300499947824,0.0,0.005553734143124249,0,0,3
31,1860,60.0,0,0,31,0,0,61.096438390408274,1.0,0.01085909947203065,0,0,3
31,1302,42.0,0,0,31,0,0,60.9687521100766,0.0,0.011070053057557764,0,0,3
35,2100,60.0,0,0,35,0,0,63.89120089691017,1.0,0.01075082339976588,0,0,3
35,1470,42.0,0,0,35,0,0,63.88030241186254,0.0,0.010909540604730742,0,0,3
36,2160,60.0,0,0,35,1,0,71.86088029194579,1.0,0.004173242110811882,0,0,3
36,1512,42.0,0,0,35,1,0,71.69529145586675,0.0,0.003918759152836493,0,0,3
30,1800,60.0,0,0,30,0,0,59.98323908896154,1.0,0.012016184871685433,0,0,3
30,1260,42.0,0,0,30,0,0,59.81793504743206,0.0,0.012064053667623293,0,0,3
30,1800,60.0,0,0,30,0,0,55.3118130207635,1.0,0.012603091401218949,0,0,3
30,1260,42.0,0,0,30,0,0,55.24449691505863,0.0,0.012773350637047312,0,0,3
35,2100,60.0,0,0,35,0,0,69.98932047722211,1.0,0.007084139867758135,0,0,3
35,1470,42.0,0,0,35,0,0,69.86617449619712,0.0,0.007292120301679774,0,0,3
31,1860,60.0,0,0,31,0,0,60.601526790137896,1.0,0.011277260651314722,0,0,3
31,1302,42.0,0,0,31,0,0,60.54706243652435,0.0,0.011210296267864794,0,0,3
33,1980,60.0,0,0,33,0,0,65.21022675073532,1.0,0.010018178775605072,0,0,3
33,1386,42.0,0,0,33,0,0,65.05061522475054,0.0,0.010089752364272805,0,0,3
33,1980,60.0,0,0,33,0,0,60.62131091824543,1.0,0.01582164085013731,0,0,3
33,1386,42.0,0,0,33,0,0,60.54965558815115,0.0,0.015624638242996359,0,0,3
31,1302,42.0,0,0,31,0,0,61.95934674209732,0.0,0.010557277510560034,0,0,3
32,1920,60.0,0,0,32,0,0,62.32932657924996,1.0,0.010228072808279021,0,0,3
27,1134,42.0,0,0,27,0,0,53.69113831869282,0.0,0.016722815228854142,0,0,3
27,1620,60.0,0,0,27,0,0,53.24760518811257,1.0,0.01666915603345918,0,0,3
36,1512,42.0,0,0,36,0,0,71.40750030857585,0.0,0.007637136268344249,0,0,3
36,2160,60.0,0,0,36,0,0,71.31866197931501,1.0,0.007642593264247433,0,0,3
32,1920,60.0,0,0,32,0,0,60.529899489442265,1.0,0.013280663855058748,0,0,3
33,1386,42.0,0,0,33,0,0,60.93832995941614,0.0,0.013231793942241828,0,0,3
33,1980,60.0,0,0,33,0,0,64.64438497428928,1.0,0.007948822381262245,0,0,3
33,1386,42.0,0,0,33,0,0,64.438891263237,0.0,0.008287806785038725,0,0,3
2,424,212.0,0,2,0,0,1,1.9922907640693557,0.0,0.0,0,0,0
2,424,212.0,0,2,0,0,1,2.002377949850131,0.0,0.0,0,0,0
27,1620,60.0,0,0,26,1,0,0.7907006192569648,1.0,6.620068482937096,0,0,0
27,1134,42.0,0,0,26,1,0,0.7907137699750936,0.0,6.620158629923649,0,0,0
36,2160,60.0,0,0,36,0,0,71.08695308292312,1.0,0.00697238065794084,0,0,3
36,1512,42.0,0,0,36,0,0,71.03418128718246,0.0,0.006881393337478093,0,0,3
32,1920,60.0,0,0,32,0,0,63.00160064889649,1.0,0.01172161816485856,0,0,3
32,1344,42.0,0,0,32,0,0,62.90964518397,0.0,0.011731047348384155,0,0,3
32,1920,60.0,0,0,32,0,0,62.19551185659665,1.0,0.01149218385206701,0,0,3
32,1344,42.0,0,0,32,0,0,62.07507224177036,0.0,0.011609009283669843,0,0,3
31,1860,60.0,0,0,31,0,0,61.06995195130314,1.0,0.010891680606193853,0,0,3
31,1302,42.0,0,0,31,0,0,60.895168183229586,0.0,0.01087625345522448,0,0,3
29,1740,60.0,0,0,29,0,0,57.32270087952907,1.0,0.010768184274145587,0,0,3
29,1218,42.0,0,0,29,0,0,57.17826851145424,0.0,0.010792789154658674,0,0,3
36,2428,67.44444444444444,0,1,35,0,1,70.40658318932917,0.9722222222222222,0.008514397720625946,0,0,3
35,1470,42.0,0,0,35,0,0,68.28079657481203,0.0,0.008398627549153466,0,0,3
2,650,325.0,0,1,0,1,1,0.009367693811474266,0.5,0.0,0,0,0
33,1980,60.0,0,0,33,0,0,65.58320003032486,1.0,0.008696113919740461,0,0,3
33,1386,42.0,0,0,33,0,0,65.67344157754391,0.0,0.008447426963258418,0,0,3
32,1920,60.0,0,0,32,0,0,63.66916898041744,1.0,0.011096315463934685,0,0,3
32,1344,42.0,0,0,32,0,0,63.605444323916515,0.0,0.011200275893920926,0,0,3
34,2040,60.0,0,0,34,0,0,67.43713209146074,1.0,0.007894263287360051,0,0,3
34,1428,42.0,0,0,34,0,0,67.15500343765599,0.0,0.007834098150625919,0,0,3
32,1920,60.0,0,0,31,1,0,63.531320069884686,1.0,0.009511123751628261,0,0,3
32,1344,42.0,0,0,31,1,0,63.42201540072505,0.0,0.009439932235548803,0,0,3
31,1860,60.0,0,0,31,0,0,61.83855909773821,1.0,0.016065477466570506,0,0,3
31,1302,42.0,0,0,31,0,0,61.91461893179381,0.0,0.015762847674623374,0,0,3
33,1980,60.0,0,0,33,0,0,65.24431589456606,1.0,0.0107389929005744,0,0,3
33,1386,42.0,0,0,33,0,0,65.15500364817474,0.0,0.010735882158537444,0,0,3
3,180,60.0,0,0,2,1,0,1.586345557722303,0.6666666666666666,1.320089534404626,0,0,0
6,375,62.5,0,1,0,0,1,11.577094067422346,0.0,0.1094458200753612,0,0,0
2,650,325.0,0,1,0,1,1,0.12920486255011426,0.0,0.0,0,0,0
7,733,104.71428571428571,0,2,0,0,2,13.266264884946379,0.0,0.09733678114324791,0,0,0
4,2120,530.0,0,4,0,0,1,6.012548170186933,0.0,0.07915804168838995,0,0,0
2,1033,516.5,0,2,0,0,1,1.5018060468913363,0.0,0.0,0,0,0
5,2180,436.0,0,4,0,1,1,7.546481082987283,0.0,0.10831400931956195,0,0,0
2,1033,516.5,0,2,0,0,1,1.4995844621560237,0.0,0.0,0,0,0
4,2120,530.0,0,4,0,0,1,6.072844235016806,0.0,0.07790635682239,0,0,0
2,1033,516.5,0,2,0,0,1,1.4973550073505735,0.0,0.0,0,0,0
3,158,52.666666666666664,1,0,2,0,1,0.04397130450968946,0.0,48.226145174870744,0,0,0
405,30692,75.78271604938271,405,0,0,0,1,809.9922753117055,1.0,0.0011715889014277136,292,405,6
96,25234,262.8541666666667,96,0,0,0,55,191.84859970449878,0.0,0.0076437460547315985,0,0,1
87,88178,1013.5402298850574,87,0,0,0,44,173.29447734471836,0.0,0.015329159522929948,0,0,1
261,19518,74.7816091954023,261,0,0,0,1,502.3978426573571,1.0,0.00802992482898658,167,261,6
214,101390,473.78504672897196,214,0,0,0,131,425.8344324958002,0.0,0.002826711314690023,0,0,1
202,16054,79.47524752475248,202,0,0,0,1,396.9097040918386,1.0,0.004029798279419382,77,202,6
217,70603,325.3594470046083,217,0,0,0,170,432.9197401998207,0.0,0.003019645717256089,0,0,1
139,10928,78.61870503597122,139,0,0,0,1,272.3082990734176,1.0,0.005290214634214537,68,139,6
162,119142,735.4444444444445,162,0,0,0,101,319.4540880444007,0.0,0.005132371584622903,0,0,1
149,11596,77.8255033557047,149,0,0,0,1,291.024250495944,1.0,0.006711264737451656,19,149,6
116,65354,563.3965517241379,116,0,0,0,80,231.1599702200665,0.0,0.008188207948550347,0,0,1
107,8732,81.60747663551402,107,0,0,0,1,212.42289709673113,1.0,0.0070193060004676905,21,107,6
116,41316,356.17241379310343,116,0,0,0,96,230.18706524058402,0.0,0.007351629135818144,0,0,1
137,10758,78.52554744525547,137,0,0,0,1,273.6598095305223,1.0,0.006416022319477123,63,137,6
107,62548,584.5607476635514,107,0,0,0,69,212.81170982264368,0.0,0.007361052091943456,0,0,1
252,19592,77.74603174603175,252,0,0,0,1,503.15547024952014,1.0,0.0028349866820309147,161,252,6
142,64723,455.7957746478873,142,0,0,0,93,283.61025011975994,0.0,0.005150611601958878,0,0,1
285,22634,79.41754385964913,285,0,0,0,1,568.4730678600047,1.0,0.0018312500222951564,121,285,6
158,57856,366.17721518987344,158,0,0,0,107,310.1767319253142,0.0,0.004832837536065405,0,0,1
237,18332,77.35021097046413,237,0,0,0,1,473.05013365134914,1.0,0.0033968183229084,125,237,6
220,222949,1013.4045454545454,220,0,0,0,92,428.7446833620945,0.0,0.0030212050839069815,0,0,1
209,14768,70.66028708133972,209,0,0,0,1,281.8456334818424,1.0,0.017408383643725808,53,209,6
7,12231,1747.2857142857142,7,0,0,0,3,10.313871956788718,0.0,0.18218198254262202,0,0,0
20,1362,68.1,20,0,0,0,1,38.0076517250816,1.0,0.09487682149237407,5,20,0
15,13205,880.3333333333334,14,1,0,0,8,3.9198533753372926,0.0,0.9248203785179161,0,0,0
2,650,325.0,0,1,0,1,1,0.03558004826710621,0.5,0.0,0,0,0
2,424,212.0,0,2,0,0,1,1.9867366284529422,0.0,0.0,0,0,0
2,424,212.0,0,2,0,0,1,1.9955666803532763,0.0,0.0,0,0,0
2,204,102.0,0,0,0,0,0,0.01665987046972,0.0,0.0,0,0,0
10,708,70.8,10,0,0,0,1,0.3888326927004938,1.0,8.480066579325038,2,10,0
2,116,58.0,1,0,0,1,1,0.11804059663367497,0.0,0.0,0,0,0
371,28960,78.05929919137466,371,0,0,0,1,741.251379765347,1.0,0.001282968116981664,244,371,6
100,45794,457.94,100,0,0,0,60,199.80830463937073,0.0,0.006729376982629938,0,0,1
206,14864,72.15533980582525,206,0,0,0,1,408.91299886795167,1.0,0.0053378790985756305,109,206,6
115,136315,1185.3478260869565,115,0,0,0,54,229.89695399439108,0.0,0.00853327506935042,0,0,1
422,33080,78.38862559241706,422,0,0,0,1,843.0524889390805,1.0,0.0011156180304111236,262,422,6
129,33664,260.9612403100775,129,0,0,0,86,257.46252301894333,0.0,0.005548537835077219,0,0,1
246,18212,74.03252032520325,246,0,0,0,1,490.9087026730243,1.0,0.006212774364269503,108,246,6
162,192061,1185.5617283950617,162,0,0,0,73,322.00591904135223,0.0,0.00854022369525109,0,0,1
403,31208,77.43920595533498,403,0,0,0,1,805.4185430173262,1.0,0.000977225620898306,253,403,6
118,34269,290.41525423728814,118,0,0,0,59,233.37288141986835,0.0,0.00482739378396815,0,0,1
394,29804,75.64467005076142,394,0,0,0,1,787.9045716470727,1.0,0.0010376641883301473,218,394,6
178,145580,817.8651685393259,178,0,0,0,86,353.3837679002669,0.0,0.003281449100616494,0,0,1
299,22720,75.9866220735786,299,0,0,0,1,597.238483569591,1.0,0.0025303076468092102,140,299,6
261,139636,535.0038314176245,261,0,0,0,141,518.7506842667921,0.0,0.002922691578943118,0,0,1
308,24538,79.66883116883118,308,0,0,0,1,610.4931512157685,1.0,0.0025874758477821016,146,308,6
220,111348,506.1272727272727,220,0,0,0,156,436.4113645639868,0.0,0.0030259119131706516,0,0,1
61,3860,63.278688524590166,61,0,0,0,1,5.260692510799631,1.0,1.4666017769342758,1,61,0
57,99709,1749.280701754386,57,0,0,0,22,4.921503956846698,0.0,1.5189169544475232,0,0,1
386,29526,76.49222797927462,386,0,0,0,1,771.5022570830187,1.0,0.0010046530667976426,232,386,6
171,76041,444.6842105263158,171,0,0,0,80,336.1552969959435,0.0,0.003916790718801824,0,0,1
287,20538,71.5609756097561,287,0,0,0,1,554.9218108361777,1.0,0.0031872181896036517,181,287,6
101,133097,1317.7920792079208,101,0,0,0,50,201.75525599896366,0.0,0.007295940521404104,0,0,1
271,21310,78.63468634686348,271,0,0,0,1,541.4848907675356,1.0,0.0020353952845209478,123,271,6
146,89443,612.6232876712329,146,0,0,0,59,291.59010713775535,0.0,0.004219298099606103,0,0,1
287,21160,73.72822299651568,287,0,0,0,1,573.1977999006708,1.0,0.0028646173033007286,140,287,6
154,158003,1025.9935064935064,154,0,0,0,91,299.6594404235074,0.0,0.005798536302668937,0,0,1
274,21400,78.10218978102189,274,0,0,0,1,547.5305729055003,1.0,0.0018237622859813597,145,274,6
121,32961,272.40495867768595,121,0,0,0,50,235.56243409033522,0.0,0.00520533165747286,0,0,1
290,20898,72.06206896551724,290,0,0,0,1,579.4711362101049,1.0,0.0026599105637193942,132,290,6
186,202586,1089.1720430107528,186,0,0,0,78,371.8170303462423,0.0,0.004113911714007025,0,0,1
280,21230,75.82142857142857,280,0,0,0,1,558.5731713871379,1.0,0.0024281411760481678,107,280,6
225,160041,711.2933333333333,225,0,0,0,115,449.6539395054046,0.0,0.0032883167230668957,0,0,1
190,13650,71.84210526315789,190,0,0,0,1,27.706661657397188,1.0,0.4720089689657206,60,190,5
140,161089,1150.6357142857144,140,0,0,0,63,20.51328758829592,0.0,0.550710967126336,0,0,1
309,23834,77.13268608414239,309,0,0,0,1,615.6403631026178,1.0,0.0013067448398508322,226,309,6
70,35814,511.62857142857143,70,0,0,0,35,138.25509271903636,0.0,0.01012915824719051,0,0,1
218,15482,71.01834862385321,218,0,0,0,1,434.57906881577026,1.0,0.007977404872588332,119,218,6
117,138982,1187.8803418803418,117,0,0,0,52,229.72471340209466,0.0,0.011536061481148656,0,0,1
307,23850,77.68729641693811,307,0,0,0,1,611.7832123609871,1.0,0.0021928869844438396,182,307,6
137,40575,296.1678832116788,137,0,0,0,95,273.77728650532816,0.0,0.00440477599452684,0,0,1
210,15576,74.17142857142858,210,0,0,0,1,419.75981150922246,1.0,0.004376595141696534,83,210,6
148,167155,1129.4256756756756,148,0,0,0,69,283.41638660162124,0.0,0.006668595877338719,0,0,1
320,25500,79.6875,320,0,0,0,1,638.7296384230316,1.0,0.0016003588034908735,159,320,6
106,26435,249.38679245283018,106,0,0,0,67,209.14331142625565,0.0,0.004967709377455488,0,0,1
429,32122,74.87645687645687,429,0,0,0,1,847.4438855070587,1.0,0.0011760029428652748,343,429,6
91,56510,620.989010989011,91,0,0,0,61,179.4509036917791,0.0,0.006014803519099931,0,0,1
298,23184,77.79865771812081,298,0,0,0,1,594.3703472629728,1.0,0.002011248548390154,104,298,6
208,108214,520.2596153846154,208,0,0,0,130,415.78766032018524,0.0,0.003395374796755214,0,0,1
326,25788,79.1042944785276,326,0,0,0,1,649.3569341706843,1.0,0.0018586707524113218,146,326,6
239,203736,852.4518828451883,239,0,0,0,140,477.59303914977994,0.0,0.002770456045959484,0,0,1
88,5540,62.95454545454545,88,0,0,0,1,167.8505156725435,1.0,0.03075274281492471,0,88,6
8,556,69.5,8,0,0,0,1,1.1443074761050367,1.0,2.626995767951467,1,8,0
51,78859,1546.2549019607843,51,0,0,0,20,6.864958025968415,0.0,0.9842080140933157,0,0,1
384,29520,76.875,384,0,0,0,1,767.4715552683795,1.0,0.0012406114104641928,276,384,6
102,26348,258.3137254901961,102,0,0,0,58,196.5732202712296,0.0,0.006390561486944346,0,0,1
227,15964,70.32599118942731,227,0,0,0,1,431.75187577826773,1.0,0.007800667108899581,122,227,6
100,141202,1412.02,100,0,0,0,46,197.50541523045337,0.0,0.014142230269205504,0,0,1
406,32792,80.76847290640394,406,0,0,0,1,810.5976941897771,1.0,0.0013504002683780978,208,406,6
134,27540,205.52238805970148,134,0,0,0,102,256.08736655963645,0.0,0.005444405694633684,0,0,1
240,17566,73.19166666666666,240,0,0,0,1,479.8455544713649,1.0,0.004881499560129467,106,240,6
127,152060,1197.3228346456692,127,0,0,0,64,252.45516342533242,0.0,0.007363676290963625,0,0,1
426,33390,78.38028169014085,426,0,0,0,1,851.6393891441536,1.0,0.0008704844105109685,277,426,6
112,53102,474.125,112,0,0,0,67,222.01072902247367,0.0,0.005783580735243173,0,0,1
334,24228,72.53892215568862,334,0,0,0,1,620.5061663157885,1.0,0.005417558412564495,180,334,6
151,162871,1078.6158940397352,151,0,0,0,66,301.7083840873027,0.0,0.009025886416439395,0,0,1
260,20190,77.65384615384616,260,0,0,0,1,516.8726174152459,1.0,0.0028307914463916403,130,260,6
201,75674,376.4875621890547,201,0,0,0,104,401.532632276827,0.0,0.0036933715366031677,0,0,1
239,18084,75.6652719665272,239,0,0,0,1,474.9937363327292,1.0,0.002941556420589815,77,239,6
169,146601,867.4615384615385,169,0,0,0,84,336.791524780287,0.0,0.004090650471820886,0,0,1
31,1984,64.0,31,0,0,0,1,12.89080854629574,1.0,0.41213287064979726,5,31,0
36,42155,1170.9722222222222,36,0,0,0,18,14.967131079584586,0.0,0.3827499060566789,0,0,1
312,24322,77.9551282051282,312,0,0,0,1,623.1210974663232,1.0,0.0016767676981823247,190,312,6
96,51945,541.09375,96,0,0,0,55,190.0645095510614,0.0,0.0054126262790129805,0,0,1
267,18904,70.80149812734082,267,0,0,0,1,533.8582081690072,1.0,0.005231077748463187,161,267,6
118,163751,1387.7203389830509,118,0,0,0,47,232.47193701769723,0.0,0.009330787040845006,0,0,1
364,28654,78.71978021978022,364,0,0,0,1,717.3577413328421,1.0,0.0014501644268945174,209,364,6
149,36199,242.94630872483222,149,0,0,0,94,288.2604712434312,0.0,0.005626905930735863,0,0,1
284,21254,74.83802816901408,284,0,0,0,1,567.5515666265964,1.0,0.0020617428296801454,115,284,6
148,142100,960.1351351351351,148,0,0,0,74,294.63203424575283,0.0,0.004946170254905662,0,0,1
409,32328,79.04156479217603,409,0,0,0,1,816.8540722462899,1.0,0.0010104963046910357,231,409,6
128,54909,428.9765625,128,0,0,0,77,255.0831295820287,0.0,0.003858366109945373,0,0,1
355,26570,74.84507042253522,355,0,0,0,1,708.8237825568687,1.0,0.001834962937708791,270,355,6
91,54368,597.4505494505495,91,0,0,0,62,179.85196675712317,0.0,0.007782087987505936,0,0,1
305,23776,77.95409836065573,305,0,0,0,1,609.6209403485229,1.0,0.0018738686872208409,140,305,6
240,61748,257.28333333333336,240,0,0,0,153,477.9234511913036,0.0,0.002905477702403668,0,0,1
323,24668,76.37151702786377,323,0,0,0,1,645.374982552736,1.0,0.001960959842122444,172,323,6
243,138793,571.164609053498,243,0,0,0,166,483.41161867802833,0.0,0.002479649383387845,0,0,1
75,4582,61.093333333333334,75,0,0,0,1,16.706732301228993,1.0,0.5043847975852698,1,75,0
75,127321,1697.6133333333332,75,0,0,0,34,16.7707840688939,0.0,0.5047765602682471,0,0,1
296,23304,78.72972972972973,296,0,0,0,1,588.5793584723184,1.0,0.0017199309111497515,190,296,6
96,42870,446.5625,96,0,0,0,53,176.15670538598204,0.0,0.008019983925368433,0,0,1
240,16648,69.36666666666666,240,0,0,0,1,461.5181644043878,1.0,0.0030367602760968597,123,240,6
146,183637,1257.7876712328766,146,0,0,0,66,291.1091068992237,0.0,0.006571721436716973,0,0,1
360,29194,81.09444444444445,360,0,0,0,1,709.0748845718923,1.0,0.0016179782951270987,203,360,6
135,40056,296.7111111111111,135,0,0,0,91,261.58437897442553,0.0,0.005215507329926231,0,0,1
229,16916,73.86899563318778,229,0,0,0,1,451.67188297953385,1.0,0.003859240041336671,77,229,6
172,167389,973.1918604651163,172,0,0,0,83,343.74593820370876,0.0,0.005181213228652678,0,0,1
448,35562,79.37946428571429,448,0,0,0,1,890.9562868891013,1.0,0.0008683012985893949,241,448,6
139,31742,228.35971223021582,139,0,0,0,79,276.36839812413456,0.0,0.004009419871398359,0,0,1
452,33274,73.61504424778761,452,0,0,0,1,899.4883015423185,1.0,0.0009082858674997049,331,452,6
152,187227,1231.7565789473683,152,0,0,0,65,303.43311170022895,0.0,0.0045387664202129535,0,0,1
357,27592,77.28851540616246,357,0,0,0,1,713.9057045554343,1.0,0.0017373380899706149,136,357,6
238,58812,247.109243697479,238,0,0,0,139,453.73753299928,0.0,0.003413736492626888,0,0,1
339,26636,78.57227138643069,339,0,0,0,1,670.6413874782269,1.0,0.0015178198632085848,120,339,6
244,234513,961.1188524590164,244,0,0,0,139,410.9924223774595,0.0,0.007195406613953069,0,0,1
35,2238,63.94285714285714,35,0,0,0,1,61.12872787840933,1.0,0.059468003798003974,1,35,6
45,15196,337.68888888888887,45,0,0,0,38,89.90093180970563,0.0,0.05478105454291685,0,0,1
268,18668,69.65671641791045,268,0,0,0,1,524.7278021737436,1.0,0.005077374286642759,95,268,6
153,25727,168.15032679738562,153,0,0,0,96,232.11069636625635,0.0,0.0184663845373043,0,0,1
38,2516,66.21052631578948,38,0,0,0,1,16.634698657011285,1.0,0.3331586142122618,1,38,0
19,1262,66.42105263157895,19,0,0,0,13,9.262927970803771,0.0,0.4777570003279788,0,0,1
431,33530,77.79582366589327,431,0,0,0,1,860.7657915424498,1.0,0.0008671311593988926,294,431,6
117,14462,123.6068376068376,117,0,0,0,69,232.958704521093,0.0,0.005429821328551269,0,0,1
133,139520,1049.0225563909773,133,0,0,0,77,265.8132977544821,0.0,0.005329181086146415,0,0,1
322,24098,74.83850931677019,322,0,0,0,1,636.4328550148981,1.0,0.001905527871064938,167,322,6
389,30634,78.75064267352185,389,0,0,0,1,777.0262865633542,1.0,0.0012315202347592971,225,389,6
173,105574,610.2543352601156,173,0,0,0,115,341.37781568697375,0.0,0.003853506084186672,0,0,1
275,21136,76.85818181818182,275,0,0,0,1,548.9229117480073,1.0,0.004691414541163733,150,275,6
161,132701,824.2298136645962,161,0,0,0,94,320.8879140095608,0.0,0.007505961940036076,0,0,1
260,20156,77.52307692307693,260,0,0,0,1,519.9880984169369,1.0,0.002024140112228175,148,260,6
96,37365,389.21875,96,0,0,0,60,186.68342422864168,0.0,0.006065121004610272,0,0,1
380,28874,75.98421052631579,380,0,0,0,1,759.8119628864583,1.0,0.0011978761148461238,281,380,6
97,80971,834.7525773195877,97,0,0,0,54,193.96799806245346,0.0,0.0070667005728539635,0,0,1
345,27928,80.95072463768116,345,0,0,0,1,689.2289871197781,1.0,0.001490711304566076,161,345,6
173,60983,352.5028901734104,173,0,0,0,111,331.8178331121564,0.0,0.003749690688062828,0,0,1
298,23516,78.91275167785236,298,0,0,0,1,585.3760688043769,1.0,0.0031535378850436075,190,298,6
195,106249,544.8666666666667,195,0,0,0,136,386.1401670825239,0.0,0.0036524338274501623,0,0,1
251,18170,72.39043824701196,251,0,0,0,1,500.0058436981719,1.0,0.0024511743056544514,66,251,6
235,223641,951.663829787234,235,0,0,0,105,469.71577200190046,0.0,0.0027446896532735696,0,0,1
36,2174,60.388888888888886,36,0,0,0,1,54.37005643512769,1.0,0.10087729933989947,1,36,6
10,15814,1581.4,10,0,0,0,6,16.16803048034921,0.0,0.20083299266410556,0,0,0
10,678,67.8,10,0,0,0,1,2.0258497857700792,1.0,1.6369919203992704,3,10,0
7,486,69.42857142857143,7,0,0,0,4,1.4175866011998157,0.0,2.0086409732009813,0,0,0
406,31420,77.38916256157636,406,0,0,0,1,811.3361221382193,1.0,0.0013203599491688762,290,406,6
91,25471,279.9010989010989,91,0,0,0,52,179.65091543057574,0.0,0.006080635475206953,0,0,1
274,19666,71.77372262773723,274,0,0,0,1,525.0010146078868,1.0,0.0051200897587091124,150,274,6
126,160969,1277.531746031746,126,0,0,0,55,245.5068895209877,0.0,0.009559569386763039,0,0,1
358,28188,78.73743016759776,358,0,0,0,1,715.7897498674782,1.0,0.0018057270842706833,219,358,6
135,19408,143.76296296296297,135,0,0,0,93,266.86881350276514,0.0,0.005552211063184575,0,0,1
200,14966,74.83,200,0,0,0,1,398.7706887708171,1.0,0.008949356028497963,70,200,6
130,134065,1031.2692307692307,130,0,0,0,70,259.8173852797021,0.0,0.012196481586878735,0,0,1
298,23792,79.83892617449665,298,0,0,0,1,595.546486025723,1.0,0.0013633612066479707,166,298,6
94,42843,455.77659574468083,94,0,0,0,58,184.6745145944852,0.0,0.006790546353268419,0,0,1
341,25744,75.49560117302053,341,0,0,0,1,674.8128151704562,1.0,0.002089260325408263,252,341,6
94,86623,921.5212765957447,94,0,0,0,58,187.45929466560733,0.0,0.006832757337516138,0,0,1
339,26406,77.89380530973452,339,0,0,0,1,677.0031310707348,1.0,0.0015155406560007712,137,339,6
209,93249,446.1674641148325,209,0,0,0,134,417.7036252048946,0.0,0.0032806457642205323,0,0,1
262,21150,80.72519083969466,262,0,0,0,1,522.1545403228412,1.0,0.0028817770738871493,126,262,6
176,97524,554.1136363636364,176,0,0,0,121,349.72470290828676,0.0,0.004543867301750365,0,0,1
133,8502,63.92481203007519,133,0,0,0,1,264.30764623942235,1.0,0.01916554488450473,12,133,6
2,424,212.0,0,2,0,0,1,1.9940112686274292,0.0,0.0,0,0,0
2,424,212.0,0,2,0,0,1,1.996939581006358,0.0,0.0,0,0,0
129,176032,1364.5891472868218,129,0,0,0,65,2.412919495362281,0.007751937984496124,4.681800744888481,1,0,1
57,3078,54.0,57,0,0,0,16,113.70759151409364,1.0,0.014463865239925319,29,0,1
47,2538,54.0,47,0,0,0,12,93.22923636432425,1.0,0.017521927973307483,23,0,1
52,2808,54.0,52,0,0,0,15,100.10386937614027,1.0,0.016408448124227978,26,0,1
56,3024,54.0,56,0,0,0,16,108.09454918308158,1.0,0.014728649051388166,28,0,1
56,3024,54.0,56,0,0,0,16,107.93073494407734,1.0,0.014873125217466357,28,0,1
56,3024,54.0,56,0,0,0,16,111.77832505516794,1.0,0.014405079826578994,28,2,1
60,3240,54.0,60,0,0,0,17,113.25885901455193,1.0,0.014212414240042494,30,0,1
52,2808,54.0,52,0,0,0,15,100.25567186215798,1.0,0.01616913728760939,26,0,1
48,2592,54.0,48,0,0,0,14,93.39115985963024,1.0,0.017705671561331446,24,0,1
57,3078,54.0,57,0,0,0,16,113.89762448208393,1.0,0.013992311416627826,29,0,1
59,3186,54.0,59,0,0,0,16,117.24553466306777,1.0,0.012887715965530778,29,0,1
54,2916,54.0,54,0,0,0,15,107.9223447712613,1.0,0.016011680448787605,27,0,1
50,2700,54.0,50,0,0,0,14,96.05115028602573,1.0,0.016384205301511672,25,0,1
60,3240,54.0,60,0,0,0,17,117.80065215376449,1.0,0.01327321024809874,30,0,1
32,1728,54.0,32,0,0,0,10,0.8492279680344473,1.0,6.723106080397007,16,1,5
40,2160,54.0,40,0,0,0,2,76.28132747897482,1.0,0.021753385830062956,20,20,5
40,2160,54.0,40,0,0,0,2,71.40681141643037,1.0,0.023345045482596943,20,20,5
40,2160,54.0,40,0,0,0,2,75.64654486363553,1.0,0.02145700876213491,20,20,5
40,2160,54.0,40,0,0,0,2,71.43858519613316,1.0,0.023512365088991283,20,20,5
40,2160,54.0,40,0,0,0,2,76.51242461500294,1.0,0.021086917064883373,20,20,5
40,2160,54.0,40,0,0,0,2,72.43056973635301,1.0,0.02339793944539742,20,20,5
40,2160,54.0,40,0,0,0,2,77.32793637961319,1.0,0.020647870030829612,20,20,5
40,2160,54.0,40,0,0,0,2,72.67032388707808,1.0,0.02327898835964299,20,20,5
40,2160,54.0,40,0,0,0,2,76.8068678015948,1.0,0.021765378088314732,20,20,5
40,2160,54.0,40,0,0,0,2,70.84694731161318,1.0,0.024102706415747067,20,20,5
40,2160,54.0,40,0,0,0,2,76.69114669089984,1.0,0.021031312273281953,20,20,5
40,2160,54.0,40,0,0,0,2,69.15450972115968,1.0,0.024504151740247976,20,20,5
40,2160,54.0,40,0,0,0,2,76.24659094369223,1.0,0.021514916869984094,20,20,5
40,2160,54.0,40,0,0,0,2,70.7818473077551,1.0,0.023412225707297327,20,20,5
40,2160,54.0,40,0,0,0,2,77.06491063029162,1.0,0.02160692426171563,20,20,5
40,2160,54.0,40,0,0,0,2,71.15125118481403,1.0,0.023580751692313648,20,20,5
40,2160,54.0,40,0,0,0,2,76.68602875974733,1.0,0.021557032543881652,20,20,5
40,2160,54.0,40,0,0,0,2,68.8635061363543,1.0,0.02462253363509973,20,20,5
40,2160,54.0,40,0,0,0,2,76.33022714513066,1.0,0.021265490233098913,20,20,5
40,2160,54.0,40,0,0,0,2,71.00917050658087,1.0,0.024211690524275735,20,20,5
40,2160,54.0,40,0,0,0,2,75.97840007680617,1.0,0.021725304819977698,20,20,5
40,2160,54.0,40,0,0,0,2,73.21055366922975,1.0,0.023136879073921073,20,20,5
40,2160,54.0,40,0,0,0,2,77.51335802652801,1.0,0.02048621886217616,20,20,5
40,2160,54.0,40,0,0,0,2,73.09327343163207,1.0,0.02313797692802147,20,20,5
40,2160,54.0,40,0,0,0,2,76.50070220876576,1.0,0.02065975197633089,20,20,5
40,2160,54.0,40,0,0,0,2,72.95307660430998,1.0,0.023037161515739576,20,20,5
40,2160,54.0,40,0,0,0,2,75.96749428224841,1.0,0.020887241340046034,20,20,5
40,2160,54.0,40,0,0,0,2,71.26803820226915,1.0,0.02306162901178518,20,20,5
40,2160,54.0,40,0,0,0,2,75.26348159888315,1.0,0.021070286332173557,20,20,5
40,2160,54.0,40,0,0,0,2,71.83546520539875,1.0,0.023832701710785956,20,20,5
40,2160,54.0,40,0,0,0,2,75.75318064893953,1.0,0.021536087627921825,20,20,5
40,2160,54.0,40,0,0,0,2,72.4227218885869,1.0,0.023182089771879674,20,20,5
40,2160,54.0,40,0,0,0,2,76.79456288495199,1.0,0.021110190298163176,20,20,5
40,2160,54.0,40,0,0,0,2,70.51051697240304,1.0,0.02417043828066853,20,20,5
40,2160,54.0,40,0,0,0,2,76.69381108980882,1.0,0.021630984071551,20,20,5
40,2160,54.0,40,0,0,0,2,72.98754350940403,1.0,0.023529757096139324,20,20,5
40,2160,54.0,40,0,0,0,2,77.2638353076951,1.0,0.02147920983885686,20,20,5
40,2160,54.0,40,0,0,0,2,72.43266486778198,1.0,0.023796694137073665,20,20,5
40,2160,54.0,40,0,0,0,2,76.9891600731656,1.0,0.02103382608244094,20,20,5
40,2160,54.0,40,0,0,0,2,71.77400186352463,1.0,0.02356571518772248,20,20,5
40,2160,54.0,40,0,0,0,2,76.78665466313761,1.0,0.021081571076028253,20,20,5
40,2160,54.0,40,0,0,0,2,69.02457197046839,1.0,0.025067176060133763,20,20,5
40,2160,54.0,40,0,0,0,2,76.57161478360365,1.0,0.021135780214217845,20,20,5
4,508,127.0,3,1,0,0,2,0.03288751064434478,0.75,70.21811286039663,0,3,0
2,650,325.0,0,1,0,1,1,0.009369189447539547,0.5,0.0,0,0,0
40,2160,54.0,40,0,0,0,2,71.79276775379296,1.0,0.022984318431467345,20,20,5
40,2160,54.0,40,0,0,0,2,76.79206722572147,1.0,0.021798706851448826,20,20,5
40,2160,54.0,40,0,0,0,2,71.52751942925381,1.0,0.023638853670222355,20,20,5
40,2160,54.0,40,0,0,0,2,77.68247413897284,1.0,0.021868369473743047,20,20,5
40,2160,54.0,40,0,0,0,2,70.1535270750575,1.0,0.025085540577337192,20,20,5
40,2160,54.0,40,0,0,0,2,76.05720741222956,1.0,0.021471631248554928,20,20,5
40,2160,54.0,40,0,0,0,2,72.95079265622779,1.0,0.02286228007018667,20,20,5
40,2160,54.0,40,0,0,0,2,76.51385527360523,1.0,0.021394561811039138,20,20,5
40,2160,54.0,40,0,0,0,2,70.63924387467074,1.0,0.02432530745998981,20,20,5
40,2160,54.0,40,0,0,0,2,76.85274713998957,1.0,0.021182830365111673,20,20,5
40,2160,54.0,40,0,0,0,2,71.12886848599678,1.0,0.02483441270966119,20,20,5
40,2160,54.0,40,0,0,0,2,75.77593340005853,1.0,0.021316318869165064,20,20,5
40,2160,54.0,40,0,0,0,2,70.36490129664021,1.0,0.024624779499576126,20,20,5
40,2160,54.0,40,0,0,0,2,77.45559991191311,1.0,0.020648253043655643,20,20,5
40,2160,54.0,40,0,0,0,2,72.12315417055356,1.0,0.023752131104609556,20,20,5
40,2160,54.0,40,0,0,0,2,76.26319258515122,1.0,0.02138069967538958,20,20,5
40,2160,54.0,40,0,0,0,2,70.26423400951195,1.0,0.02415116622859981,20,20,5
40,2160,54.0,40,0,0,0,2,77.4814981072073,1.0,0.021239316743060486,20,20,5
40,2160,54.0,40,0,0,0,2,70.4076600130599,1.0,0.02408492745618338,20,20,5
40,2160,54.0,40,0,0,0,2,76.46106105275823,1.0,0.02143288572496354,20,20,5
40,2160,54.0,40,0,0,0,2,69.8777852146891,1.0,0.024617403044988405,20,20,5
40,2160,54.0,40,0,0,0,2,76.584512571439,1.0,0.021212063115028365,20,20,5
40,2160,54.0,40,0,0,0,2,72.41981455206437,1.0,0.022933616011985517,20,20,5
40,2160,54.0,40,0,0,0,2,77.46958421759359,1.0,0.020993044886852965,20,20,5
40,2160,54.0,40,0,0,0,2,69.6892911987924,1.0,0.024578880414359083,20,20,5
40,2160,54.0,40,0,0,0,2,76.45444076691334,1.0,0.021308167726966105,20,20,5
40,2160,54.0,40,0,0,0,2,70.47601044629471,1.0,0.024721964325993932,20,20,5
40,2160,54.0,40,0,0,0,2,77.56119706309573,1.0,0.021215522257083334,20,20,5
40,2160,54.0,40,0,0,0,2,72.73093628224287,1.0,0.0235465480168469,20,20,5
40,2160,54.0,40,0,0,0,2,76.87274853308139,1.0,0.020961649007993962,20,20,5
40,2160,54.0,40,0,0,0,2,71.73367766651559,1.0,0.023663994129906,20,20,5
40,2160,54.0,40,0,0,0,2,75.6564716408003,1.0,0.02168232988016705,20,20,5
40,2160,54.0,40,0,0,0,2,73.87056152704076,1.0,0.022703682814549743,20,20,5
40,2160,54.0,40,0,0,0,2,76.92632463160481,1.0,0.021134893934782663,20,20,5
40,2160,54.0,40,0,0,0,2,73.64106183627551,1.0,0.022455365026046267,20,20,5
40,2160,54.0,40,0,0,0,2,76.98569792370269,1.0,0.021315463253221905,20,20,5
40,2160,54.0,40,0,0,0,2,70.55947641059308,1.0,0.02407058262396316,20,20,5
40,2160,54.0,40,0,0,0,2,77.14279671109321,1.0,0.02153764360358045,20,20,5
40,2160,54.0,40,0,0,0,2,72.30243464335366,1.0,0.023427070017874738,20,20,5
2,650,325.0,0,1,0,1,1,0.1271605012568013,0.0,0.0,0,0,0
40,2160,54.0,40,0,0,0,2,76.64384938400646,1.0,0.02113840627079824,20,20,5
7,733,104.71428571428571,0,2,0,0,2,12.231822012767534,0.0,0.1608911472153613,0,0,0
40,2160,54.0,40,0,0,0,2,70.21812246264597,1.0,0.023705483005513592,20,20,5
40,2160,54.0,40,0,0,0,2,76.385414247925,1.0,0.021418613928892705,20,20,5
40,2160,54.0,40,0,0,0,2,70.76211380166112,1.0,0.024621396624450127,20,20,5
40,2160,54.0,40,0,0,0,2,78.09985685523759,1.0,0.021734912792945028,20,20,5
2,120,60.0,0,0,0,1,0,0.4998677722708381,0.0,0.0,0,0,0
40,2160,54.0,40,0,0,0,3,10.688524652828104,1.0,0.5237290899482011,20,19,5
56,3024,54.0,56,0,0,0,16,110.71950583716648,1.0,0.014342161443579613,28,0,1
56,3024,54.0,56,0,0,0,15,111.1750213232837,1.0,0.014081952693195201,28,0,1
56,3024,54.0,56,0,0,0,16,111.74157969402503,1.0,0.014225712401413243,28,0,1
58,3132,54.0,58,0,0,0,16,115.93404897669353,1.0,0.014189112288558828,29,0,1
62,3348,54.0,62,0,0,0,17,116.93547898261077,1.0,0.013962859515184133,31,0,1
60,3240,54.0,60,0,0,0,17,115.59168465287573,1.0,0.014247808752024456,30,2,1
64,3456,54.0,64,0,0,0,18,123.22749868824118,1.0,0.012965468899306852,32,0,1
60,3240,54.0,60,0,0,0,17,117.4883846004452,1.0,0.013245082507517058,30,0,1
56,3024,54.0,56,0,0,0,16,110.84265819242499,1.0,0.014856043701295084,28,0,1
60,3240,54.0,60,0,0,0,17,114.22012877200021,1.0,0.014945441989345767,30,0,1
56,3024,54.0,56,0,0,0,16,111.02435879316367,1.0,0.01526711720817199,28,0,1
56,3024,54.0,56,0,0,0,16,108.41941995309293,1.0,0.015632202437334514,28,0,1
62,3348,54.0,62,0,0,0,17,123.81485205838437,1.0,0.013805250019777475,31,0,1
34,1836,54.0,34,0,0,0,10,5.6329677820803505,1.0,0.9918197680973498,17,0,5
56,3024,54.0,56,0,0,0,16,109.96868939879863,1.0,0.014581853807680241,28,0,1
56,3024,54.0,56,0,0,0,15,109.63555671729571,1.0,0.014784843939935658,28,0,1
2,424,212.0,0,2,0,0,1,1.990342272299329,0.0,0.0,0,0,0
56,3024,54.0,56,0,0,0,16,106.46903739953412,1.0,0.014950180461932184,28,0,1
56,3024,54.0,56,0,0,0,16,111.07339617439696,1.0,0.014417436043382572,28,0,1
60,3240,54.0,60,0,0,0,17,115.70296965063123,1.0,0.013700283670500139,30,0,1
56,3024,54.0,56,0,0,0,16,107.60449290779167,1.0,0.015049567535002167,28,2,1
2,424,212.0,0,2,0,0,1,2.0001034790170067,0.0,0.0,0,0,0
2,204,102.0,0,0,0,0,0,0.016657868601513016,0.0,0.0,0,0,0
60,3240,54.0,60,0,0,0,17,116.13766419800488,1.0,0.013755282212370013,30,0,1
56,3024,54.0,56,0,0,0,16,107.48990295838492,1.0,0.015403340223316998,28,0,1
52,2808,54.0,52,0,0,0,15,101.9127145222849,1.0,0.015871488525619756,26,0,1
60,3240,54.0,60,0,0,0,17,114.17908538129076,1.0,0.013972111112789112,30,0,1
60,3240,54.0,60,0,0,0,17,113.9998668195373,1.0,0.014054183984068524,30,0,1
60,3240,54.0,60,0,0,0,17,114.18126118408874,1.0,0.014379761001712078,30,0,1
60,3240,54.0,60,0,0,0,17,118.30359191133608,1.0,0.013024056895258214,30,0,1
48,2592,54.0,48,0,0,0,14,4.540011806079651,1.0,1.4856733487008635,24,0,1
60,3240,54.0,60,0,0,0,17,115.04082181210447,1.0,0.013474837524613177,30,0,1
60,3240,54.0,60,0,0,0,16,116.19761582212027,1.0,0.013515108626595032,30,0,1
60,3240,54.0,60,0,0,0,17,112.49231264373982,1.0,0.014764241684990895,30,0,1
52,2808,54.0,52,0,0,0,15,103.84085821233062,1.0,0.016031547940017023,26,0,1
56,3024,54.0,56,0,0,0,16,106.41424081644303,1.0,0.015048446917911788,28,0,1
51,2754,54.0,51,0,0,0,14,101.95439852437217,1.0,0.017263324814876718,25,2,1
57,3078,54.0,57,0,0,0,16,112.24715514946469,1.0,0.014156996030978322,29,0,1
60,3240,54.0,60,0,0,0,17,118.45143179628433,1.0,0.013011051526928037,30,0,1
48,2592,54.0,48,0,0,0,14,95.01974101219236,1.0,0.01754129450229026,24,0,1
56,3024,54.0,56,0,0,0,16,106.89042686811686,1.0,0.014980493899479768,28,0,1
56,3024,54.0,56,0,0,0,16,108.33360960866223,1.0,0.014690121345333994,28,0,1
59,3186,54.0,59,0,0,0,16,117.95191150458507,1.0,0.014306341710872873,29,0,1
57,3078,54.0,57,0,0,0,16,109.67804634570638,1.0,0.014670143049641999,29,0,1
52,2808,54.0,52,0,0,0,15,102.17750372676686,1.0,0.01601776316750341,26,0,1
12,648,54.0,12,0,0,0,5,3.6631963875501397,1.0,0.958998224387276,6,0,0
56,3024,54.0,56,0,0,0,16,109.17812951459452,1.0,0.015050341448716012,28,0,1
60,3240,54.0,60,0,0,0,16,119.39781632268665,1.0,0.013010006941939512,30,0,1
56,3024,54.0,56,0,0,0,16,110.97027891743976,1.0,0.014331489944589267,28,0,1
60,3240,54.0,60,0,0,0,17,115.41684686820804,1.0,0.01397730274143713,30,0,1
48,2592,54.0,48,0,0,0,14,94.8739008239226,1.0,0.017086201495490762,24,0,1
60,3240,54.0,60,0,0,0,17,116.79133902118464,1.0,0.014037759153226305,30,2,1
60,3240,54.0,60,0,0,0,17,108.57563696843795,1.0,0.01523872339773187,30,0,1
56,3024,54.0,56,0,0,0,16,103.56013939641915,1.0,0.015686356212554434,28,0,1
52,2808,54.0,52,0,0,0,15,96.68939174967062,1.0,0.017116008679931273,26,0,1
52,2808,54.0,52,0,0,0,15,98.88580090886298,1.0,0.01613875176204068,26,0,1
56,3024,54.0,56,0,0,0,16,106.11376911410659,1.0,0.015035679947876648,28,0,1
56,3024,54.0,56,0,0,0,16,107.75955520015121,1.0,0.014922356340799197,28,0,1
53,2862,54.0,53,0,0,0,15,105.90122661625796,1.0,0.015394471353285538,27,0,1
55,2970,54.0,55,0,0,0,15,107.17302447885453,1.0,0.014319202447347438,27,0,1
16,864,54.0,16,0,0,0,6,5.7461340518448605,1.0,0.6950310778232444,8,0,0
52,2808,54.0,52,0,0,0,15,97.03145347999167,1.0,0.017014183249945778,26,0,1
56,3024,54.0,56,0,0,0,15,105.09481400876264,1.0,0.015187923956060131,28,0,1
60,3240,54.0,60,0,0,0,17,119.2355717363381,1.0,0.013220187602937876,30,0,1
64,3456,54.0,64,0,0,0,18,120.58038761204656,1.0,0.012954519853089676,32,0,1
56,3024,54.0,56,0,0,0,16,108.15831161780423,1.0,0.014825888153865633,28,0,1
56,3024,54.0,56,0,0,0,16,109.53902403990546,1.0,0.01504407627276487,28,2,1
52,3078,59.19230769230769,51,1,0,0,15,97.35855713655671,0.9807692307692307,0.01667640840737907,25,0,1
2,650,325.0,0,1,0,1,1,0.03568094601996432,0.5,0.0,0,0,0
61,3294,54.0,61,0,0,0,17,113.55860959661685,1.0,0.014462458764398094,31,0,1
56,3024,54.0,56,0,0,0,16,110.7598646253265,1.0,0.014699797045096977,28,0,1
60,3240,54.0,60,0,0,0,17,114.6952505916878,1.0,0.013641159228616181,30,0,1
64,3456,54.0,64,0,0,0,18,121.7674340539979,1.0,0.012607671449611746,32,0,1
60,3240,54.0,60,0,0,0,17,115.13919422131349,1.0,0.013700620926647082,30,0,1
60,3240,54.0,60,0,0,0,17,117.1695846750088,1.0,0.013542407066144714,30,0,1
40,2148,53.7,39,0,0,1,11,20.57685842746846,0.975,0.255748366445532,19,0,1
61,3294,54.0,61,0,0,0,17,117.33965375859229,1.0,0.014230139102384385,31,0,1
56,3024,54.0,56,0,0,0,15,110.20955301700151,1.0,0.014931382775518554,28,0,1
56,3024,54.0,56,0,0,0,16,108.10867894237327,1.0,0.014577098827027369,28,0,1
56,3024,54.0,56,0,0,0,16,108.41761834007478,1.0,0.014834930778099465,28,0,1
48,2592,54.0,48,0,0,0,14,94.54802433409506,1.0,0.01700526398558834,24,0,1
59,3186,54.0,59,0,0,0,16,117.79503913031267,1.0,0.013565287993267701,29,2,1
57,3078,54.0,57,0,0,0,16,110.42092588564088,1.0,0.014655134839219047,29,0,1
56,3024,54.0,56,0,0,0,16,105.95422624160057,1.0,0.015112677821931717,28,0,1
56,3024,54.0,56,0,0,0,16,110.47152623875442,1.0,0.014028934246552398,28,0,1
52,2808,54.0,52,0,0,0,15,96.80818554178792,1.0,0.016715914965456175,26,0,1
48,2592,54.0,48,0,0,0,14,94.69232914713376,1.0,0.017936522365250437,24,0,1
52,2808,54.0,52,0,0,0,15,102.24029753704095,1.0,0.015694677190591116,26,0,1
56,3024,54.0,56,0,0,0,16,111.61870365477428,1.0,0.01434523286878691,28,0,1
60,3240,54.0,60,0,0,0,17,112.28902825093199,1.0,0.014056890329192133,30,0,1
24,1296,54.0,24,0,0,0,8,6.326962120550263,1.0,0.7448582637019862,12,0,5
60,3240,54.0,60,0,0,0,17,113.53467690708553,1.0,0.014275271355049572,30,0,1
56,3024,54.0,56,0,0,0,15,108.24484205529735,1.0,0.014683189854863585,28,0,1
68,3672,54.0,68,0,0,0,19,133.78646340033305,1.0,0.012391122434544401,34,0,1
60,3240,54.0,60,0,0,0,17,119.93629025109304,1.0,0.013769752530311439,30,0,1
64,3456,54.0,64,0,0,0,18,122.75330576169249,1.0,0.013159233167481103,32,0,1
56,3024,54.0,56,0,0,0,16,104.76121033281431,1.0,0.015789178649914103,28,2,1
58,3132,54.0,58,0,0,0,16,115.8650273028846,1.0,0.013913397840956746,29,0,1
54,2916,54.0,54,0,0,0,15,104.64293664247093,1.0,0.014874099875393551,27,0,1
56,3024,54.0,56,0,0,0,16,110.72289839304477,1.0,0.01473950314231819,28,0,1
56,3024,54.0,56,0,0,0,16,111.9979172140258,1.0,0.014104693200639663,28,0,1
48,2592,54.0,48,0,0,0,14,91.648518590174,1.0,0.019351373696211698,24,0,1
52,2808,54.0,52,0,0,0,15,100.69813755559423,1.0,0.01628171387141371,26,0,1
60,3240,54.0,60,0,0,0,17,114.71982429500788,1.0,0.014050542005015097,30,0,1
48,2592,54.0,48,0,0,0,14,18.219563162900204,1.0,0.3314965744549788,24,0,1
58,3132,54.0,58,0,0,0,16,115.88561476585134,1.0,0.014657816102201876,29,0,1
54,2916,54.0,54,0,0,0,14,104.052828448123,1.0,0.015265058873173913,27,0,1
52,2808,54.0,52,0,0,0,15,103.79875291378619,1.0,0.015655126318618488,26,0,1
60,3240,54.0,60,0,0,0,17,117.89734061541661,1.0,0.013116464259141656,30,0,1
60,3240,54.0,60,0,0,0,17,111.79345209008929,1.0,0.014176517969375189,30,0,1
56,3024,54.0,56,0,0,0,16,105.01099105479075,1.0,0.015540041975232309,28,2,1
56,3024,54.0,56,0,0,0,16,110.16701054621268,1.0,0.014960239442921453,28,0,1
52,2808,54.0,52,0,0,0,15,99.33794442819965,1.0,0.015945587548418228,26,0,1
52,2808,54.0,52,0,0,0,15,101.42032853846605,1.0,0.015858828212773287,26,0,1
52,2808,54.0,52,0,0,0,15,99.54491652019686,1.0,0.016084955274473827,26,0,1
52,2808,54.0,52,0,0,0,15,103.70142878199307,1.0,0.016046974558094267,26,0,1
64,3456,54.0,64,0,0,0,18,126.87406670784961,1.0,0.012899478476578834,32,0,1
60,3240,54.0,60,0,0,0,17,113.25834929504443,1.0,0.014237876803560928,30,0,1
56,3024,54.0,56,0,0,0,16,105.12797601330924,1.0,0.015464755203653858,28,0,1
1,60,60.0,0,0,0,1,0,0.008547884667027673,0.0,0.0,0,0,0
1,60,60.0,0,0,0,1,0,0.028167471187920578,1.0,0.0,0,0,0
11,594,54.0,11,0,0,0,4,2.1006625891250805,1.0,0.010130344941306374,5,0,0
